CREATE DATABASE  IF NOT EXISTS `metalearn` /*!40100 DEFAULT CHARACTER SET utf8mb4 COLLATE utf8mb4_general_ci */;
USE `metalearn`;
-- MySQL dump 10.13  Distrib 5.6.24, for Win64 (x86_64)
--
-- Host: 127.0.0.1    Database: metalearn
-- ------------------------------------------------------
-- Server version	5.5.5-10.4.27-MariaDB

/*!40101 SET @OLD_CHARACTER_SET_CLIENT=@@CHARACTER_SET_CLIENT */;
/*!40101 SET @OLD_CHARACTER_SET_RESULTS=@@CHARACTER_SET_RESULTS */;
/*!40101 SET @OLD_COLLATION_CONNECTION=@@COLLATION_CONNECTION */;
/*!40101 SET NAMES utf8 */;
/*!40103 SET @OLD_TIME_ZONE=@@TIME_ZONE */;
/*!40103 SET TIME_ZONE='+00:00' */;
/*!40014 SET @OLD_UNIQUE_CHECKS=@@UNIQUE_CHECKS, UNIQUE_CHECKS=0 */;
/*!40014 SET @OLD_FOREIGN_KEY_CHECKS=@@FOREIGN_KEY_CHECKS, FOREIGN_KEY_CHECKS=0 */;
/*!40101 SET @OLD_SQL_MODE=@@SQL_MODE, SQL_MODE='NO_AUTO_VALUE_ON_ZERO' */;
/*!40111 SET @OLD_SQL_NOTES=@@SQL_NOTES, SQL_NOTES=0 */;

--
-- Table structure for table `grupo`
--

DROP TABLE IF EXISTS `grupo`;
/*!40101 SET @saved_cs_client     = @@character_set_client */;
/*!40101 SET character_set_client = utf8 */;
CREATE TABLE `grupo` (
  `idgrupo` bigint(20) NOT NULL,
  `grupoassunto` varchar(250) DEFAULT NULL,
  PRIMARY KEY (`idgrupo`)
) ENGINE=InnoDB DEFAULT CHARSET=latin1 COLLATE=latin1_swedish_ci;
/*!40101 SET character_set_client = @saved_cs_client */;

--
-- Dumping data for table `grupo`
--

LOCK TABLES `grupo` WRITE;
/*!40000 ALTER TABLE `grupo` DISABLE KEYS */;
INSERT INTO `grupo` VALUES (1,'canal'),(2,'covid-19'),(3,'desenho'),(4,'documentário'),(5,'filmes'),(6,'funk'),(7,'game'),(8,'música'),(9,'notícia'),(10,'palestra'),(11,'parodia');
/*!40000 ALTER TABLE `grupo` ENABLE KEYS */;
UNLOCK TABLES;

--
-- Table structure for table `grupotag`
--

DROP TABLE IF EXISTS `grupotag`;
/*!40101 SET @saved_cs_client     = @@character_set_client */;
/*!40101 SET character_set_client = utf8 */;
CREATE TABLE `grupotag` (
  `idgrupotag` bigint(20) NOT NULL AUTO_INCREMENT,
  `folks` bigint(20) DEFAULT NULL,
  `tags` varchar(250) DEFAULT NULL,
  `grupo` bigint(20) DEFAULT NULL,
  PRIMARY KEY (`idgrupotag`)
) ENGINE=InnoDB AUTO_INCREMENT=1466 DEFAULT CHARSET=latin1 COLLATE=latin1_swedish_ci;
/*!40101 SET character_set_client = @saved_cs_client */;

--
-- Dumping data for table `grupotag`
--

LOCK TABLES `grupotag` WRITE;
/*!40000 ALTER TABLE `grupotag` DISABLE KEYS */;
INSERT INTO `grupotag` VALUES (1133,333,'iphone',11),(1134,333,'iphone',11),(1135,333,'iphone',11),(1136,333,'iphone',11),(1137,333,'iphone',11),(1138,333,'iphone',11),(1139,333,'iphone',11),(1140,333,'iphone',11),(1141,333,'iphone',11),(1142,333,'iphone',11),(1143,333,'iphone',11),(1144,333,'iphone',11),(1145,333,'iphone',11),(1146,333,'iphone',11),(1147,333,'iphone',11),(1148,333,'iphone',11),(1149,333,'iphone',11),(1150,333,'iphone',11),(1151,333,'iphone',11),(1152,333,'iphone',11),(1153,333,'iphone',11),(1154,333,'iphone',11),(1155,333,'iphone',11),(1156,333,'iphone',11),(1157,333,'iphone',11),(1158,333,'iphone',11),(1159,333,'iphone',11),(1160,333,'iphone',11),(1161,333,'iphone',11),(1162,333,'iphone',11),(1163,333,'iphone',11),(1164,333,'iphone',11),(1165,333,'iphone',11),(1166,333,'iphone',11),(1167,333,'iphone',11),(1168,333,'iphone',11),(1169,333,'iphone',11),(1170,333,'iphone',11),(1171,333,'iphone',11),(1172,333,'iphone',11),(1173,333,'iphone',11),(1174,333,'iphone',11),(1175,333,'iphone',11),(1176,333,'iphone',11),(1177,333,'iphone',11),(1178,333,'iphone',11),(1179,333,'iphone',11),(1180,333,'iphone',11),(1181,333,'iphone',11),(1182,333,'iphone',11),(1183,333,'iphone',11),(1184,333,'iphone',11),(1185,333,'iphone',11),(1186,333,'iphone',11),(1187,333,'iphone',11),(1188,333,'iphone',11),(1189,333,'iphone',11),(1190,333,'iphone',11),(1191,333,'iphone',11),(1192,333,'iphone',11),(1193,333,'iphone',11),(1194,333,'iphone',11),(1195,333,'iphone',11),(1196,333,'iphone',11),(1197,333,'iphone',11),(1198,333,'iphone',11),(1199,333,'iphone',11),(1200,333,'iphone',11),(1201,333,'iphone',11),(1202,333,'iphone',11),(1203,333,'iphone',11),(1204,333,'iphone',11),(1205,333,'iphone',11),(1206,333,'iphone',11),(1207,333,'iphone',11),(1208,333,'iphone',11),(1209,333,'iphone',11),(1210,333,'iphone',11),(1211,333,'iphone',11),(1212,333,'iphone',11),(1213,333,'iphone',11),(1214,333,'iphone',11),(1215,333,'iphone',11),(1216,333,'iphone',11),(1217,333,'iphone',11),(1218,333,'iphone',11),(1219,333,'iphone',11),(1220,333,'iphone',11),(1221,333,'iphone',11),(1222,333,'iphone',11),(1223,333,'iphone',11),(1224,333,'iphone',11),(1225,333,'iphone',11),(1226,333,'iphone',11),(1227,333,'iphone',11),(1228,333,'iphone',11),(1229,333,'iphone',11),(1230,333,'iphone',11),(1231,333,'iphone',11),(1232,333,'iphone',11),(1233,333,'iphone',11),(1234,333,'iphone',11),(1235,333,'iphone',11),(1236,333,'iphone',11),(1237,333,'iphone',11),(1238,333,'iphone',11),(1239,333,'iphone',11),(1240,333,'iphone',11),(1241,333,'iphone',11),(1242,333,'iphone',11),(1243,333,'iphone',11),(1244,333,'iphone',11),(1245,333,'iphone',11),(1246,333,'iphone',11),(1247,333,'iphone',11),(1248,333,'iphone',11),(1249,333,'iphone',11),(1250,333,'iphone',11),(1251,333,'iphone',11),(1252,333,'iphone',11),(1253,333,'iphone',11),(1254,333,'iphone',11),(1255,333,'iphone',11),(1256,333,'iphone',11),(1257,333,'iphone',11),(1258,333,'iphone',11),(1259,333,'iphone',11),(1260,333,'iphone',11),(1261,333,'iphone',11),(1262,333,'iphone',11),(1263,333,'iphone',11),(1264,333,'iphone',11),(1265,333,'iphone',11),(1266,333,'iphone',11),(1267,333,'iphone',11),(1268,333,'iphone',11),(1269,333,'iphone',11),(1270,333,'iphone',11),(1271,333,'iphone',11),(1272,333,'iphone',11),(1273,333,'iphone',11),(1274,333,'iphone',11),(1275,333,'iphone',11),(1276,333,'iphone',11),(1277,333,'iphone',11),(1278,333,'iphone',11),(1279,333,'iphone',11),(1280,333,'iphone',11),(1281,333,'iphone',11),(1282,333,'iphone',11),(1283,333,'iphone',11),(1284,333,'iphone',11),(1285,333,'iphone',11),(1286,333,'iphone',11),(1287,333,'iphone',11),(1288,333,'iphone',11),(1289,333,'iphone',11),(1290,333,'iphone',11),(1291,333,'iphone',11),(1292,333,'iphone',11),(1293,333,'iphone',11),(1294,333,'iphone',11),(1295,333,'iphone',11),(1296,333,'iphone',11),(1297,333,'iphone',11),(1298,333,'iphone',11),(1299,333,'iphone',11),(1300,333,'iphone',11),(1301,333,'iphone',11),(1302,333,'iphone',11),(1303,333,'iphone',11),(1304,333,'iphone',11),(1305,333,'iphone',11),(1306,333,'iphone',11),(1307,333,'iphone',11),(1308,333,'iphone',11),(1309,333,'iphone',11),(1310,333,'iphone',11),(1311,333,'iphone',11),(1312,333,'iphone',11),(1313,333,'iphone',11),(1314,333,'iphone',11),(1315,333,'iphone',11),(1316,333,'iphone',11),(1317,333,'iphone',11),(1318,333,'iphone',11),(1319,333,'iphone',11),(1320,333,'iphone',11),(1321,333,'iphone',11),(1322,333,'iphone',11),(1323,333,'iphone',11),(1324,333,'iphone',11),(1325,333,'iphone',11),(1326,333,'iphone',11),(1327,333,'iphone',11),(1328,333,'iphone',11),(1329,333,'iphone',11),(1330,333,'iphone',11),(1331,333,'iphone',11),(1332,333,'iphone',11),(1333,333,'iphone',11),(1334,333,'iphone',11),(1335,333,'iphone',11),(1336,333,'iphone',11),(1337,333,'iphone',11),(1338,333,'iphone',11),(1339,333,'iphone',11),(1340,333,'iphone',11),(1341,333,'iphone',11),(1342,333,'iphone',1),(1343,333,'iphone',11),(1344,333,'iphone',11),(1345,333,'iphone',11),(1346,333,'iphone',11),(1347,333,'iphone',11),(1348,333,'iphone',11),(1349,333,'iphone',11),(1350,333,'iphone',11),(1351,333,'iphone',11),(1352,333,'iphone',11),(1353,333,'iphone',2),(1354,333,'iphone',4),(1355,333,'iphone',2),(1356,333,'iphone',11),(1357,333,'iphone',11),(1358,333,'iphone',11),(1359,333,'iphone',11),(1360,333,'iphone',11),(1361,333,'iphone',11),(1362,333,'iphone',11),(1363,333,'iphone',11),(1364,333,'iphone',11),(1365,333,'iphone',11),(1366,333,'iphone',11),(1367,333,'iphone',11),(1368,333,'iphone',11),(1369,333,'iphone',11),(1370,333,'iphone',11),(1371,333,'iphone',11),(1372,333,'iphone',11),(1373,333,'iphone',11),(1374,333,'iphone',11),(1375,333,'iphone',11),(1376,333,'iphone',11),(1377,333,'iphone',11),(1378,333,'iphone',11),(1379,333,'iphone',11),(1380,333,'iphone',11),(1381,333,'iphone',11),(1382,333,'iphone',11),(1383,333,'iphone',11),(1384,333,'iphone',11),(1385,333,'iphone',11),(1386,333,'iphone',11),(1387,333,'iphone',11),(1388,333,'iphone',11),(1389,333,'iphone',11),(1390,333,'iphone',11),(1391,333,'iphone',11),(1392,333,'iphone',11),(1393,333,'iphone',11),(1394,333,'iphone',11),(1395,333,'iphone',11),(1396,333,'iphone',11),(1397,333,'iphone',11),(1398,333,'iphone',11),(1399,333,'iphone',11),(1400,333,'iphone',11),(1401,333,'iphone',11),(1402,333,'iphone',11),(1403,333,'iphone',11),(1404,333,'iphone',11),(1405,333,'iphone',11),(1406,333,'iphone',11),(1407,333,'iphone',11),(1408,333,'iphone',11),(1409,333,'iphone',11),(1410,333,'iphone',11),(1411,333,'iphone',11),(1412,333,'iphone',11),(1413,333,'iphone',11),(1414,333,'iphone',11),(1415,333,'iphone',11),(1416,333,'iphone',11),(1417,333,'iphone',11),(1418,333,'iphone',11),(1419,333,'iphone',11),(1420,333,'iphone',11),(1421,333,'iphone',11),(1422,333,'iphone',11),(1423,333,'iphone',11),(1424,333,'iphone',11),(1425,333,'iphone',11),(1426,333,'iphone',11),(1427,333,'iphone',11),(1428,333,'iphone',11),(1429,333,'iphone',11),(1430,333,'iphone',11),(1431,333,'iphone',11),(1432,333,'iphone',11),(1433,333,'iphone',11),(1434,333,'iphone',11),(1435,333,'iphone',11),(1436,333,'iphone',11),(1437,333,'iphone',11),(1438,333,'iphone',11),(1439,333,'iphone',11),(1440,333,'iphone',11),(1441,333,'iphone',11),(1442,333,'iphone',11),(1443,333,'iphone',11),(1444,333,'iphone',11),(1445,333,'iphone',11),(1446,333,'iphone',11),(1447,333,'iphone',11),(1448,333,'iphone',11),(1449,333,'iphone',11),(1450,333,'iphone',11),(1451,333,'iphone',11),(1452,333,'iphone',11),(1453,333,'iphone',11),(1454,333,'iphone',11),(1455,333,'iphone',11),(1456,333,'iphone',11),(1457,333,'iphone',11),(1458,333,'iphone',11),(1459,333,'iphone',11),(1460,333,'iphone',11),(1461,333,'iphone',11),(1462,333,'iphone',11),(1463,333,'iphone',11),(1464,333,'iphone',11),(1465,333,'iphone',11);
/*!40000 ALTER TABLE `grupotag` ENABLE KEYS */;
UNLOCK TABLES;

--
-- Table structure for table `indice`
--

DROP TABLE IF EXISTS `indice`;
/*!40101 SET @saved_cs_client     = @@character_set_client */;
/*!40101 SET character_set_client = utf8 */;
CREATE TABLE `indice` (
  `idindice` bigint(20) NOT NULL AUTO_INCREMENT,
  `metadado` varchar(100) DEFAULT NULL,
  `klm` double DEFAULT NULL,
  `indice` varchar(100) DEFAULT NULL,
  `metrica` varchar(100) DEFAULT NULL,
  `interpretacao` varchar(255) DEFAULT NULL,
  PRIMARY KEY (`idindice`)
) ENGINE=InnoDB AUTO_INCREMENT=181 DEFAULT CHARSET=latin1 COLLATE=latin1_swedish_ci;
/*!40101 SET character_set_client = @saved_cs_client */;

--
-- Dumping data for table `indice`
--

LOCK TABLES `indice` WRITE;
/*!40000 ALTER TABLE `indice` DISABLE KEYS */;
INSERT INTO `indice` VALUES (55,'covid',0.45,'Adequado','MAA','O metadado possui um nível médio de conhecimento.'),(56,'covid',0.45,'Adequado','MAA','O metadado possui um nível médio de conhecimento.'),(57,'covid',0.45,'Adequado','MAA','O metadado possui um nível médio de conhecimento.'),(58,'coronavirus',0.8,'Satisfatório','S','O metadado possui um nível alto de conhecimento.'),(59,'coronavirus',0.8,'Satisfatório','S','O metadado possui um nível alto de conhecimento.'),(60,'coronavirus',0.8,'Satisfatório','S','O metadado possui um nível alto de conhecimento.'),(61,'coronavirus',0.8,'Satisfatório','S','O metadado possui um nível alto de conhecimento.'),(62,'coronavirus',0.8,'Satisfatório','S','O metadado possui um nível alto de conhecimento.'),(63,'coronavirus',0.8,'Satisfatório','S','O metadado possui um nível alto de conhecimento.'),(64,'coronavirus',0.8,'Satisfatório','S','O metadado possui um nível alto de conhecimento.'),(65,'coronavirus',0.8,'Satisfatório','S','O metadado possui um nível alto de conhecimento.'),(66,'coronavirus',0.8,'Satisfatório','S','O metadado possui um nível alto de conhecimento.'),(67,'coronavirus',0.8,'Satisfatório','S','O metadado possui um nível alto de conhecimento.'),(68,'coronavirus',0.8,'Satisfatório','S','O metadado possui um nível alto de conhecimento.'),(69,'coronavirus',0.8,'Satisfatório','S','O metadado possui um nível alto de conhecimento.'),(70,'coronavirus',0.8,'Satisfatório','S','O metadado possui um nível alto de conhecimento.'),(71,'coronavirus',0.8,'Satisfatório','S','O metadado possui um nível alto de conhecimento.'),(72,'coronavirus',0.8,'Satisfatório','S','O metadado possui um nível alto de conhecimento.'),(73,'coronavirus',0.8,'Satisfatório','S','O metadado possui um nível alto de conhecimento.'),(74,'coronavirus',0.8,'Satisfatório','S','O metadado possui um nível alto de conhecimento.'),(75,'coronavirus',0.8,'Satisfatório','S','O metadado possui um nível alto de conhecimento.'),(76,'coronavirus',0.8,'Satisfatório','S','O metadado possui um nível alto de conhecimento.'),(77,'coronavirus',0.8,'Satisfatório','S','O metadado possui um nível alto de conhecimento.'),(78,'covid',0.45,'Adequado','MAA','O metadado possui um nível médio de conhecimento.'),(79,'corona',0.45,'Adequado','MAA','O metadado possui um nível médio de conhecimento.'),(80,'covid-19',0.45,'Adequado','A','O metadado possui um nível médio de conhecimento.'),(81,'corona',0.45,'Adequado','MAA','O metadado possui um nível médio de conhecimento.'),(82,'corona',0.45,'Adequado','MAA','O metadado possui um nível médio de conhecimento.'),(83,'corona',0.45,'Adequado','MAA','O metadado possui um nível médio de conhecimento.'),(84,'corona',0.45,'Adequado','MAA','O metadado possui um nível médio de conhecimento.'),(85,'corona',0.45,'Adequado','MAA','O metadado possui um nível médio de conhecimento.'),(86,'corona',0.45,'Adequado','MAA','O metadado possui um nível médio de conhecimento.'),(87,'coronavirus',0.8,'Satisfatório','S','O metadado possui um nível alto de conhecimento.'),(88,'coronavirus',0.8,'Satisfatório','S','O metadado possui um nível alto de conhecimento.'),(89,'corona',0.45,'Adequado','MAA','O metadado possui um nível médio de conhecimento.'),(90,'corona',0.45,'Adequado','MAA','O metadado possui um nível médio de conhecimento.'),(91,'coronavirus',0.8,'Satisfatório','S','O metadado possui um nível alto de conhecimento.'),(92,'coronavirus',0.8,'Satisfatório','S','O metadado possui um nível alto de conhecimento.'),(93,'corona',0.45,'Adequado','MAA','O metadado possui um nível médio de conhecimento.'),(94,'corona',0.45,'Adequado','MAA','O metadado possui um nível médio de conhecimento.'),(95,'corona',0.45,'Adequado','MAA','O metadado possui um nível médio de conhecimento.'),(96,'coronavirus',0.8,'Satisfatório','S','O metadado possui um nível alto de conhecimento.'),(97,'coronavirus',0.8,'Satisfatório','S','O metadado possui um nível alto de conhecimento.'),(98,'coronavirus',0.8,'Satisfatório','S','O metadado possui um nível alto de conhecimento.'),(99,'coronavirus',0.8,'Satisfatório','S','O metadado possui um nível alto de conhecimento.'),(100,'coronavirus',0.8,'Satisfatório','S','O metadado possui um nível alto de conhecimento.'),(101,'coronavirus',0.8,'Satisfatório','S','O metadado possui um nível alto de conhecimento.'),(102,'corona',0.45,'Adequado','MAA','O metadado possui um nível médio de conhecimento.'),(103,'covid-19',0.45,'Adequado','A','O metadado possui um nível médio de conhecimento.'),(104,'covid-19',0.45,'Adequado','A','O metadado possui um nível médio de conhecimento.'),(105,'coronavirus',0.8,'Satisfatório','S','O metadado possui um nível alto de conhecimento.'),(106,'coronavirus',0.8,'Satisfatório','S','O metadado possui um nível alto de conhecimento.'),(107,'covid-19',0.45,'Adequado','A','O metadado possui um nível médio de conhecimento.'),(108,'coronavirus',0.8,'Satisfatório','S','O metadado possui um nível alto de conhecimento.'),(109,'coronavirus',0.8,'Satisfatório','S','O metadado possui um nível alto de conhecimento.'),(110,'covid-19',0.45,'Adequado','A','O metadado possui um nível médio de conhecimento.'),(111,'coronavirus',0.8,'Satisfatório','S','O metadado possui um nível alto de conhecimento.'),(112,'coronavirus',0.8,'Satisfatório','S','O metadado possui um nível alto de conhecimento.'),(113,'coronavirus',0.8,'Satisfatório','S','O metadado possui um nível alto de conhecimento.'),(114,'coronavirus',0.8,'Satisfatório','S','O metadado possui um nível alto de conhecimento.'),(115,'corona',0.45,'Adequado','MAA','O metadado possui um nível médio de conhecimento.'),(116,'covid-19',0.45,'Adequado','A','O metadado possui um nível médio de conhecimento.'),(117,'coronavirus',0.8,'Satisfatório','S','O metadado possui um nível alto de conhecimento.'),(118,'coronavirus',0.8,'Satisfatório','S','O metadado possui um nível alto de conhecimento.'),(119,'coronavirus',0.8,'Satisfatório','S','O metadado possui um nível alto de conhecimento.'),(120,'coronavirus',0.8,'Satisfatório','S','O metadado possui um nível alto de conhecimento.'),(121,'coronavirus',0.8,'Satisfatório','S','O metadado possui um nível alto de conhecimento.'),(122,'coronavirus',0.8,'Satisfatório','S','O metadado possui um nível alto de conhecimento.'),(123,'coronavirus',0.8,'Satisfatório','S','O metadado possui um nível alto de conhecimento.'),(124,'coronavirus',0.8,'Satisfatório','S','O metadado possui um nível alto de conhecimento.'),(125,'coronavirus',0.8,'Satisfatório','S','O metadado possui um nível alto de conhecimento.'),(126,'coronavirus',0.8,'Satisfatório','S','O metadado possui um nível alto de conhecimento.'),(127,'coronavirus',0.8,'Satisfatório','S','O metadado possui um nível alto de conhecimento.'),(128,'coronavirus',0.8,'Satisfatório','S','O metadado possui um nível alto de conhecimento.'),(129,'coronavirus',0.8,'Satisfatório','S','O metadado possui um nível alto de conhecimento.'),(130,'coronavirus',0.8,'Satisfatório','S','O metadado possui um nível alto de conhecimento.'),(131,'coronavirus',0.8,'Satisfatório','S','O metadado possui um nível alto de conhecimento.'),(132,'coronavirus',0.8,'Satisfatório','S','O metadado possui um nível alto de conhecimento.'),(133,'coronavirus',0.8,'Satisfatório','S','O metadado possui um nível alto de conhecimento.'),(134,'coronavirus',0.8,'Satisfatório','S','O metadado possui um nível alto de conhecimento.'),(135,'coronavirus',0.8,'Satisfatório','S','O metadado possui um nível alto de conhecimento.'),(136,'coronavirus',0.8,'Satisfatório','S','O metadado possui um nível alto de conhecimento.'),(137,'coronavirus',0.8,'Satisfatório','S','O metadado possui um nível alto de conhecimento.'),(138,'coronavirus',0.8,'Satisfatório','S','O metadado possui um nível alto de conhecimento.'),(139,'corona',0.45,'Adequado','MAA','O metadado possui um nível médio de conhecimento.'),(140,'covid-19',0.45,'Adequado','A','O metadado possui um nível médio de conhecimento.'),(141,'covid',0.45,'Adequado','MAA','O metadado possui um nível médio de conhecimento.'),(142,'covid-19',0.45,'Adequado','A','O metadado possui um nível médio de conhecimento.'),(143,'coronavirus',0.8,'Satisfatório','S','O metadado possui um nível alto de conhecimento.'),(144,'coronavirus',0.8,'Satisfatório','S','O metadado possui um nível alto de conhecimento.'),(145,'corona',0.45,'Adequado','MAA','O metadado possui um nível médio de conhecimento.'),(146,'coronavirus',0.8,'Satisfatório','S','O metadado possui um nível alto de conhecimento.'),(147,'coronavirus',0.8,'Satisfatório','S','O metadado possui um nível alto de conhecimento.'),(148,'coronavirus',0.8,'Satisfatório','S','O metadado possui um nível alto de conhecimento.'),(149,'coronavirus',0.8,'Satisfatório','S','O metadado possui um nível alto de conhecimento.'),(150,'corona',0.45,'Adequado','MAA','O metadado possui um nível médio de conhecimento.'),(151,'covid',0.45,'Adequado','MAA','O metadado possui um nível médio de conhecimento.'),(152,'corona',0.45,'Adequado','MAA','O metadado possui um nível médio de conhecimento.'),(153,'coronavirus',0.8,'Satisfatório','S','O metadado possui um nível alto de conhecimento.'),(154,'coronavirus',0.8,'Satisfatório','S','O metadado possui um nível alto de conhecimento.'),(155,'iphone',0.7,'Adequado','MAA','O metadado possui um nível médio de conhecimento.'),(156,'iphone',0.7,'Adequado','MAA','O metadado possui um nível médio de conhecimento.'),(157,'iphone',0.7,'Adequado','MAA','O metadado possui um nível médio de conhecimento.'),(158,'ios',0.2513698630136986,'Inadequado','MAB','O metadado utilizado possui um nível baixo de conhecimento.'),(159,'iphone12pro',0.4037671232876712,'Adequado','A','O metadado possui um nível médio de conhecimento.'),(160,'iphone12pro',0.4037671232876712,'Adequado','A','O metadado possui um nível médio de conhecimento.'),(161,'iphone12',0.2513698630136986,'Inadequado','MAB','O metadado utilizado possui um nível baixo de conhecimento.'),(162,'iphone',0.2513698630136986,'Inadequado','MAB','O metadado utilizado possui um nível baixo de conhecimento.'),(163,'iphone14',0.2807670370488592,'Inadequado','MAB','O metadado utilizado possui um nível baixo de conhecimento.'),(164,'apple',0.27585849955934905,'Inadequado','MAB','O metadado utilizado possui um nível baixo de conhecimento.'),(165,'iphone',0.1949571152046859,'Inadequado','MAB','O metadado utilizado possui um nível baixo de conhecimento.'),(166,'ios',0.12326965571276216,'Inadequado','MAB','O metadado utilizado possui um nível baixo de conhecimento.'),(167,'iphone14',0.2804170234999476,'Inadequado','MAB','O metadado utilizado possui um nível baixo de conhecimento.'),(168,'iphone14',1.1141492970073092,'Satisfatório','S','O metadado possui um nível alto de conhecimento.'),(169,'iphone14',1.1141492970073092,'Satisfatório','S','O metadado possui um nível alto de conhecimento.'),(170,'iphone14',0.27971699640212444,'Inadequado','MAB','O metadado utilizado possui um nível baixo de conhecimento.'),(171,'iphone14',0.0025080289565982427,'Inadequado','MAB','O metadado utilizado possui um nível baixo de conhecimento.'),(172,'iphone14',0.2818170776955939,'Inadequado','MAB','O metadado utilizado possui um nível baixo de conhecimento.'),(173,'iphone12',0.12350387530564286,'Inadequado','MAB','O metadado utilizado possui um nível baixo de conhecimento.'),(174,'applewatch',0.12350387530564286,'Inadequado','MAB','O metadado utilizado possui um nível baixo de conhecimento.'),(175,'apple',0.27568480862530276,'Inadequado','MAB','O metadado utilizado possui um nível baixo de conhecimento.'),(176,'iphone',0.1948840860619619,'Inadequado','MAB','O metadado utilizado possui um nível baixo de conhecimento.'),(177,'iphone',0.1948840860619619,'Inadequado','MAB','O metadado utilizado possui um nível baixo de conhecimento.'),(178,'iphone',0.1948840860619619,'Inadequado','MAB','O metadado utilizado possui um nível baixo de conhecimento.'),(179,'ios',0.12350387530564286,'Inadequado','MAB','O metadado utilizado possui um nível baixo de conhecimento.'),(180,'ios',0.12350387530564286,'Inadequado','MAB','O metadado utilizado possui um nível baixo de conhecimento.');
/*!40000 ALTER TABLE `indice` ENABLE KEYS */;
UNLOCK TABLES;

--
-- Table structure for table `memoriaindividual`
--

DROP TABLE IF EXISTS `memoriaindividual`;
/*!40101 SET @saved_cs_client     = @@character_set_client */;
/*!40101 SET character_set_client = utf8 */;
CREATE TABLE `memoriaindividual` (
  `idmemoria` bigint(20) NOT NULL AUTO_INCREMENT,
  `memoriarelativa` bigint(20) DEFAULT NULL,
  `metaini` bigint(20) DEFAULT NULL,
  `tag` varchar(145) DEFAULT NULL,
  `link` varchar(250) DEFAULT NULL,
  `qt_compartilhada` bigint(20) DEFAULT NULL,
  `klm` double DEFAULT NULL,
  `indice` varchar(100) DEFAULT NULL,
  PRIMARY KEY (`idmemoria`),
  KEY `fk_memoriaindividual_memoriarelativa1_idx` (`memoriarelativa`),
  KEY `fk_memoriaindividual_metaini1_idx` (`metaini`),
  CONSTRAINT `fk_memoindividual` FOREIGN KEY (`metaini`) REFERENCES `metainicio` (`idmetainicio`) ON DELETE CASCADE,
  CONSTRAINT `fk_memoriaindividual_memoriarelativa1` FOREIGN KEY (`memoriarelativa`) REFERENCES `memoriarelativa` (`idmetamodelo`) ON DELETE NO ACTION ON UPDATE NO ACTION
) ENGINE=InnoDB AUTO_INCREMENT=27 DEFAULT CHARSET=latin1 COLLATE=latin1_swedish_ci;
/*!40101 SET character_set_client = @saved_cs_client */;

--
-- Dumping data for table `memoriaindividual`
--

LOCK TABLES `memoriaindividual` WRITE;
/*!40000 ALTER TABLE `memoriaindividual` DISABLE KEYS */;
/*!40000 ALTER TABLE `memoriaindividual` ENABLE KEYS */;
UNLOCK TABLES;

--
-- Table structure for table `memoriarelativa`
--

DROP TABLE IF EXISTS `memoriarelativa`;
/*!40101 SET @saved_cs_client     = @@character_set_client */;
/*!40101 SET character_set_client = utf8 */;
CREATE TABLE `memoriarelativa` (
  `idmetamodelo` bigint(20) NOT NULL AUTO_INCREMENT,
  `metrica` bigint(20) DEFAULT NULL,
  `indicefk` bigint(20) DEFAULT NULL,
  `klm` double DEFAULT NULL,
  `metadado` varchar(50) DEFAULT NULL,
  `indice` varchar(100) DEFAULT NULL,
  PRIMARY KEY (`idmetamodelo`),
  KEY `metrica` (`metrica`),
  KEY `indicefk` (`indicefk`),
  CONSTRAINT `memoriarelativa_ibfk_1` FOREIGN KEY (`metrica`) REFERENCES `metric` (`idmetrica`),
  CONSTRAINT `memoriarelativa_ibfk_2` FOREIGN KEY (`indicefk`) REFERENCES `indice` (`idindice`)
) ENGINE=InnoDB AUTO_INCREMENT=64 DEFAULT CHARSET=latin1 COLLATE=latin1_swedish_ci;
/*!40101 SET character_set_client = @saved_cs_client */;

--
-- Dumping data for table `memoriarelativa`
--

LOCK TABLES `memoriarelativa` WRITE;
/*!40000 ALTER TABLE `memoriarelativa` DISABLE KEYS */;
/*!40000 ALTER TABLE `memoriarelativa` ENABLE KEYS */;
UNLOCK TABLES;

--
-- Table structure for table `metadata`
--

DROP TABLE IF EXISTS `metadata`;
/*!40101 SET @saved_cs_client     = @@character_set_client */;
/*!40101 SET character_set_client = utf8 */;
CREATE TABLE `metadata` (
  `id_meta` bigint(20) NOT NULL AUTO_INCREMENT,
  `metaini` bigint(20) DEFAULT NULL,
  `qt_compartilhada` int(11) DEFAULT NULL,
  `tag` varchar(50) DEFAULT NULL,
  `link` varchar(250) DEFAULT NULL,
  `mesmo_link` int(11) DEFAULT NULL,
  PRIMARY KEY (`id_meta`),
  KEY `fk_metadata_metaini1_idx` (`metaini`),
  CONSTRAINT `fk_metadata_metaini1` FOREIGN KEY (`metaini`) REFERENCES `metaini` (`idmetainicio`) ON DELETE NO ACTION ON UPDATE NO ACTION,
  CONSTRAINT `fk_metadata_metainicio1` FOREIGN KEY (`metaini`) REFERENCES `metainicio` (`idmetainicio`) ON DELETE NO ACTION ON UPDATE NO ACTION
) ENGINE=InnoDB AUTO_INCREMENT=3797 DEFAULT CHARSET=latin1 COLLATE=latin1_swedish_ci;
/*!40101 SET character_set_client = @saved_cs_client */;

--
-- Dumping data for table `metadata`
--

LOCK TABLES `metadata` WRITE;
/*!40000 ALTER TABLE `metadata` DISABLE KEYS */;
INSERT INTO `metadata` VALUES (3475,NULL,1,'12promax','https://www.trackmyhashtag.com',1),(3476,NULL,1,'5stars','https://www.trackmyhashtag.com',1),(3477,NULL,1,'a14','https://www.trackmyhashtag.com',1),(3478,NULL,1,'a14bionic','https://www.trackmyhashtag.com',1),(3479,NULL,1,'a14bionicchip','https://www.trackmyhashtag.com',1),(3480,NULL,1,'abctoast','https://www.trackmyhashtag.com',1),(3481,NULL,1,'abd','https://www.trackmyhashtag.com',1),(3482,NULL,1,'Abeno','https://www.trackmyhashtag.com',1),(3483,NULL,1,'actu','https://www.trackmyhashtag.com',1),(3484,NULL,1,'airpodpro','https://www.trackmyhashtag.com',1),(3485,NULL,3,'airpods','https://www.trackmyhashtag.com',3),(3486,NULL,1,'airpods2','https://www.trackmyhashtag.com',1),(3487,NULL,2,'airpodspro','https://www.trackmyhashtag.com',2),(3488,NULL,2,'Aisapo','https://www.trackmyhashtag.com',2),(3489,NULL,2,'amazon','https://www.trackmyhashtag.com',2),(3490,NULL,1,'amazonmusic','https://www.trackmyhashtag.com',1),(3491,NULL,1,'amazonprimeday','https://www.trackmyhashtag.com',1),(3492,NULL,1,'ambientmusic','https://www.trackmyhashtag.com',1),(3493,NULL,1,'amreading','https://www.trackmyhashtag.com',1),(3494,NULL,2,'android','https://www.trackmyhashtag.com',2),(3495,NULL,1,'angolo','https://www.trackmyhashtag.com',1),(3496,NULL,1,'app','https://www.trackmyhashtag.com',1),(3497,NULL,1,'appcdmx','https://www.trackmyhashtag.com',1),(3498,NULL,396,'apple','https://www.trackmyhashtag.com',396),(3499,NULL,1,'appleday','https://www.trackmyhashtag.com',1),(3500,NULL,1,'appleevent','https://www.trackmyhashtag.com',1),(3501,NULL,1,'applemusic','https://www.trackmyhashtag.com',1),(3502,NULL,1,'appleone','https://www.trackmyhashtag.com',1),(3503,NULL,1,'appleradio','https://www.trackmyhashtag.com',1),(3504,NULL,1,'appletvplus','https://www.trackmyhashtag.com',1),(3505,NULL,145,'applewatch','https://www.trackmyhashtag.com',145),(3506,NULL,1,'applewatch5','https://www.trackmyhashtag.com',1),(3507,NULL,1,'applewatches','https://www.trackmyhashtag.com',1),(3508,NULL,1,'applewatchseries4','https://www.trackmyhashtag.com',1),(3509,NULL,1,'aqara','https://www.trackmyhashtag.com',1),(3510,NULL,1,'artist','https://www.trackmyhashtag.com',1),(3511,NULL,1,'artiste','https://www.trackmyhashtag.com',1),(3512,NULL,1,'asmsg','https://www.trackmyhashtag.com',1),(3513,NULL,1,'athletes','https://www.trackmyhashtag.com',1),(3514,NULL,1,'Atualiza??o do blog','https://www.trackmyhashtag.com',1),(3515,NULL,1,'australia','https://www.trackmyhashtag.com',1),(3516,NULL,1,'author','https://www.trackmyhashtag.com',1),(3517,NULL,1,'automated','https://www.trackmyhashtag.com',1),(3518,NULL,2,'automation','https://www.trackmyhashtag.com',2),(3519,NULL,1,'autumn','https://www.trackmyhashtag.com',1),(3520,NULL,1,'b2bmarketing','https://www.trackmyhashtag.com',1),(3521,NULL,1,'backflow','https://www.trackmyhashtag.com',1),(3522,NULL,1,'beat','https://www.trackmyhashtag.com',1),(3523,NULL,1,'beats','https://www.trackmyhashtag.com',1),(3524,NULL,1,'beetroot','https://www.trackmyhashtag.com',1),(3525,NULL,1,'bestsong','https://www.trackmyhashtag.com',1),(3526,NULL,1,'blackandwhitephotography','https://www.trackmyhashtag.com',1),(3527,NULL,3,'blog','https://www.trackmyhashtag.com',3),(3528,NULL,1,'blogger','https://www.trackmyhashtag.com',1),(3529,NULL,1,'blogos','https://www.trackmyhashtag.com',1),(3530,NULL,1,'blogpost','https://www.trackmyhashtag.com',1),(3531,NULL,1,'boj','https://www.trackmyhashtag.com',1),(3532,NULL,2,'Bom dia maca','https://www.trackmyhashtag.com',2),(3533,NULL,1,'book','https://www.trackmyhashtag.com',1),(3534,NULL,1,'books','https://www.trackmyhashtag.com',1),(3535,NULL,1,'breakingdawn','https://www.trackmyhashtag.com',1),(3536,NULL,1,'bts','https://www.trackmyhashtag.com',1),(3537,NULL,1,'bts_be','https://www.trackmyhashtag.com',1),(3538,NULL,1,'bts_dynamite','https://www.trackmyhashtag.com',1),(3539,NULL,1,'bumpin','https://www.trackmyhashtag.com',1),(3540,NULL,1,'C?u','https://www.trackmyhashtag.com',1),(3541,NULL,1,'cadute','https://www.trackmyhashtag.com',1),(3542,NULL,1,'Can??o da caixa','https://www.trackmyhashtag.com',1),(3543,NULL,1,'capableep','https://www.trackmyhashtag.com',1),(3544,NULL,1,'carrot','https://www.trackmyhashtag.com',1),(3545,NULL,1,'Censo','https://www.trackmyhashtag.com',1),(3546,NULL,1,'chefajaychopra','https://www.trackmyhashtag.com',1),(3547,NULL,1,'Chochune','https://www.trackmyhashtag.com',1),(3548,NULL,1,'Comunica??o de gadget','https://www.trackmyhashtag.com',1),(3549,NULL,3,'confetti','https://www.trackmyhashtag.com',3),(3550,NULL,1,'Conserto de LCD','https://www.trackmyhashtag.com',1),(3551,NULL,1,'Conserto de telefones oculares','https://www.trackmyhashtag.com',1),(3552,NULL,1,'contentmarketing','https://www.trackmyhashtag.com',1),(3553,NULL,1,'cottoncandy','https://www.trackmyhashtag.com',1),(3554,NULL,1,'covid19','https://www.trackmyhashtag.com',1),(3555,NULL,1,'cursosenl????','https://www.trackmyhashtag.com',1),(3556,NULL,1,'cybergate','https://www.trackmyhashtag.com',1),(3557,NULL,2,'deal','https://www.trackmyhashtag.com',2),(3558,NULL,1,'deals','https://www.trackmyhashtag.com',1),(3559,NULL,1,'desdecasa','https://www.trackmyhashtag.com',1),(3560,NULL,1,'dinheiro','https://www.trackmyhashtag.com',1),(3561,NULL,1,'display','https://www.trackmyhashtag.com',1),(3562,NULL,1,'diy','https://www.trackmyhashtag.com',1),(3563,NULL,1,'djs','https://www.trackmyhashtag.com',1),(3564,NULL,1,'dopetech','https://www.trackmyhashtag.com',1),(3565,NULL,1,'dussehra','https://www.trackmyhashtag.com',1),(3566,NULL,1,'ecommerce','https://www.trackmyhashtag.com',1),(3567,NULL,1,'electionday2020','https://www.trackmyhashtag.com',1),(3568,NULL,1,'electrocitylt','https://www.trackmyhashtag.com',1),(3569,NULL,1,'electronica','https://www.trackmyhashtag.com',1),(3570,NULL,1,'Em estoque','https://www.trackmyhashtag.com',1),(3571,NULL,1,'engadgetjp','https://www.trackmyhashtag.com',1),(3572,NULL,1,'Entrega','https://www.trackmyhashtag.com',1),(3573,NULL,1,'entrepreneur','https://www.trackmyhashtag.com',1),(3574,NULL,1,'Escreva com o seu arroz modelo favorito','https://www.trackmyhashtag.com',1),(3575,NULL,1,'estoque','https://www.trackmyhashtag.com',1),(3576,NULL,1,'facebook','https://www.trackmyhashtag.com',1),(3577,NULL,1,'federico','https://www.trackmyhashtag.com',1),(3578,NULL,1,'fone de ouvido','https://www.trackmyhashtag.com',1),(3579,NULL,1,'foto','https://www.trackmyhashtag.com',1),(3580,NULL,1,'foxconn','https://www.trackmyhashtag.com',1),(3581,NULL,2,'free','https://www.trackmyhashtag.com',2),(3582,NULL,1,'freelancer','https://www.trackmyhashtag.com',1),(3583,NULL,1,'freelancers','https://www.trackmyhashtag.com',1),(3584,NULL,1,'freelancing','https://www.trackmyhashtag.com',1),(3585,NULL,1,'fujifilm','https://www.trackmyhashtag.com',1),(3586,NULL,1,'fujifilm_xseries','https://www.trackmyhashtag.com',1),(3587,NULL,1,'fundamental','https://www.trackmyhashtag.com',1),(3588,NULL,1,'Fundo de investimento','https://www.trackmyhashtag.com',1),(3589,NULL,1,'gadget','https://www.trackmyhashtag.com',1),(3590,NULL,1,'gadgets','https://www.trackmyhashtag.com',1),(3591,NULL,2,'ganga','https://www.trackmyhashtag.com',2),(3592,NULL,1,'gateway','https://www.trackmyhashtag.com',1),(3593,NULL,2,'giveaway','https://www.trackmyhashtag.com',2),(3594,NULL,3,'google','https://www.trackmyhashtag.com',3),(3595,NULL,1,'gragra','https://www.trackmyhashtag.com',1),(3596,NULL,1,'headphones','https://www.trackmyhashtag.com',1),(3597,NULL,1,'healthy','https://www.trackmyhashtag.com',1),(3598,NULL,1,'hiphop','https://www.trackmyhashtag.com',1),(3599,NULL,1,'holy','https://www.trackmyhashtag.com',1),(3600,NULL,1,'homekit','https://www.trackmyhashtag.com',1),(3601,NULL,1,'homepod','https://www.trackmyhashtag.com',1),(3602,NULL,1,'hp','https://www.trackmyhashtag.com',1),(3603,NULL,1,'hpprinters','https://www.trackmyhashtag.com',1),(3604,NULL,1,'huawai','https://www.trackmyhashtag.com',1),(3605,NULL,2,'huawei','https://www.trackmyhashtag.com',2),(3606,NULL,1,'huaweimate40','https://www.trackmyhashtag.com',1),(3607,NULL,1,'hueningkai','https://www.trackmyhashtag.com',1),(3608,NULL,1,'ian1','https://www.trackmyhashtag.com',1),(3609,NULL,1,'iartg','https://www.trackmyhashtag.com',1),(3610,NULL,1,'ibook','https://www.trackmyhashtag.com',1),(3611,NULL,1,'incense','https://www.trackmyhashtag.com',1),(3612,NULL,1,'interview','https://www.trackmyhashtag.com',1),(3613,NULL,1,'investimento','https://www.trackmyhashtag.com',1),(3614,NULL,1,'investing','https://www.trackmyhashtag.com',1),(3615,NULL,2,'investment','https://www.trackmyhashtag.com',2),(3616,NULL,267,'ios','https://www.trackmyhashtag.com',267),(3617,NULL,1,'ios13','https://www.trackmyhashtag.com',1),(3618,NULL,1,'ios14','https://www.trackmyhashtag.com',1),(3619,NULL,1,'iosdev','https://www.trackmyhashtag.com',1),(3620,NULL,2,'ipad','https://www.trackmyhashtag.com',2),(3621,NULL,1,'ipad8thgen','https://www.trackmyhashtag.com',1),(3622,NULL,1,'ipadair4','https://www.trackmyhashtag.com',1),(3623,NULL,1,'ipadpro','https://www.trackmyhashtag.com',1),(3624,NULL,1,'ipadpro11','https://www.trackmyhashtag.com',1),(3625,NULL,1,'iph','https://www.trackmyhashtag.com',1),(3626,NULL,333,'iphone','https://www.trackmyhashtag.com',333),(3627,NULL,2,'iphone11','https://www.trackmyhashtag.com',2),(3628,NULL,1,'iphone11pro','https://www.trackmyhashtag.com',1),(3629,NULL,157,'iphone12','https://www.trackmyhashtag.com',157),(3630,NULL,1,'iphone12mini','https://www.trackmyhashtag.com',1),(3631,NULL,5,'iphone12pro','https://www.trackmyhashtag.com',5),(3632,NULL,2,'iphone12promax','https://www.trackmyhashtag.com',2),(3633,NULL,1,'iphone12series','https://www.trackmyhashtag.com',1),(3634,NULL,1,'iphone12th','https://www.trackmyhashtag.com',1),(3635,NULL,2,'iphone13','https://www.trackmyhashtag.com',2),(3636,NULL,399,'iphone14','https://www.trackmyhashtag.com',399),(3637,NULL,1,'iphone8','https://www.trackmyhashtag.com',1),(3638,NULL,1,'iphone??','https://www.trackmyhashtag.com',1),(3639,NULL,1,'ipl','https://www.trackmyhashtag.com',1),(3640,NULL,1,'itunes','https://www.trackmyhashtag.com',1),(3641,NULL,1,'japan','https://www.trackmyhashtag.com',1),(3642,NULL,1,'Japan Bank','https://www.trackmyhashtag.com',1),(3643,NULL,1,'Jejun','https://www.trackmyhashtag.com',1),(3644,NULL,1,'jin','https://www.trackmyhashtag.com',1),(3645,NULL,1,'jubeat_plus','https://www.trackmyhashtag.com',1),(3646,NULL,1,'Kairou Soft','https://www.trackmyhashtag.com',1),(3647,NULL,1,'keynote','https://www.trackmyhashtag.com',1),(3648,NULL,2,'kindle','https://www.trackmyhashtag.com',2),(3649,NULL,1,'kirin9000','https://www.trackmyhashtag.com',1),(3650,NULL,1,'kobo','https://www.trackmyhashtag.com',1),(3651,NULL,1,'latina','https://www.trackmyhashtag.com',1),(3652,NULL,1,'libra','https://www.trackmyhashtag.com',1),(3653,NULL,1,'lifegoeson','https://www.trackmyhashtag.com',1),(3654,NULL,1,'linux','https://www.trackmyhashtag.com',1),(3655,NULL,1,'loseit','https://www.trackmyhashtag.com',1),(3656,NULL,1,'love','https://www.trackmyhashtag.com',1),(3657,NULL,1,'Lucro explosivo','https://www.trackmyhashtag.com',1),(3658,NULL,1,'M?dia de estoque nikkei','https://www.trackmyhashtag.com',1),(3659,NULL,3,'mac','https://www.trackmyhashtag.com',3),(3660,NULL,1,'macbook','https://www.trackmyhashtag.com',1),(3661,NULL,1,'macbookpro','https://www.trackmyhashtag.com',1),(3662,NULL,1,'macmagazine','https://www.trackmyhashtag.com',1),(3663,NULL,1,'macos','https://www.trackmyhashtag.com',1),(3664,NULL,1,'macron20h','https://www.trackmyhashtag.com',1),(3665,NULL,2,'madeinlagos','https://www.trackmyhashtag.com',2),(3666,NULL,1,'magente','https://www.trackmyhashtag.com',1),(3667,NULL,1,'magsafe','https://www.trackmyhashtag.com',1),(3668,NULL,1,'Mar','https://www.trackmyhashtag.com',1),(3669,NULL,1,'mate40','https://www.trackmyhashtag.com',1),(3670,NULL,1,'mc','https://www.trackmyhashtag.com',1),(3671,NULL,1,'Metade do mundo','https://www.trackmyhashtag.com',1),(3672,NULL,1,'Meu mundo jogado por fotos','https://www.trackmyhashtag.com',1),(3673,NULL,2,'microsoft','https://www.trackmyhashtag.com',2),(3674,NULL,1,'mihome','https://www.trackmyhashtag.com',1),(3675,NULL,2,'mil','https://www.trackmyhashtag.com',2),(3676,NULL,1,'mitaxi','https://www.trackmyhashtag.com',1),(3677,NULL,2,'mobile','https://www.trackmyhashtag.com',2),(3678,NULL,1,'mobilecovers','https://www.trackmyhashtag.com',1),(3679,NULL,1,'monochrome','https://www.trackmyhashtag.com',1),(3680,NULL,1,'montenegro','https://www.trackmyhashtag.com',1),(3681,NULL,1,'motorola','https://www.trackmyhashtag.com',1),(3682,NULL,1,'musician','https://www.trackmyhashtag.com',1),(3683,NULL,1,'nationalapplemonth','https://www.trackmyhashtag.com',1),(3684,NULL,2,'newmusicdaily','https://www.trackmyhashtag.com',2),(3685,NULL,1,'newpost','https://www.trackmyhashtag.com',1),(3686,NULL,1,'newrelease','https://www.trackmyhashtag.com',1),(3687,NULL,1,'news','https://www.trackmyhashtag.com',1),(3688,NULL,1,'Ninja','https://www.trackmyhashtag.com',1),(3689,NULL,1,'nisa','https://www.trackmyhashtag.com',1),(3690,NULL,1,'Nisa rec?m-colhida','https://www.trackmyhashtag.com',1),(3691,NULL,1,'nokia','https://www.trackmyhashtag.com',1),(3692,NULL,1,'octubre2020','https://www.trackmyhashtag.com',1),(3693,NULL,1,'omajingepod','https://www.trackmyhashtag.com',1),(3694,NULL,1,'oneplus','https://www.trackmyhashtag.com',1),(3695,NULL,1,'options','https://www.trackmyhashtag.com',1),(3696,NULL,1,'optionsflow','https://www.trackmyhashtag.com',1),(3697,NULL,1,'optionstrade','https://www.trackmyhashtag.com',1),(3698,NULL,1,'optionstrading','https://www.trackmyhashtag.com',1),(3699,NULL,1,'optiontrading','https://www.trackmyhashtag.com',1),(3700,NULL,1,'organic','https://www.trackmyhashtag.com',1),(3701,NULL,1,'p?gases','https://www.trackmyhashtag.com',1),(3702,NULL,1,'perth','https://www.trackmyhashtag.com',1),(3703,NULL,1,'Pesquisa de Conscientiza??o','https://www.trackmyhashtag.com',1),(3704,NULL,1,'phone','https://www.trackmyhashtag.com',1),(3705,NULL,1,'photography','https://www.trackmyhashtag.com',1),(3706,NULL,2,'Plano atual','https://www.trackmyhashtag.com',2),(3707,NULL,4,'podcast','https://www.trackmyhashtag.com',4),(3708,NULL,1,'poorvika','https://www.trackmyhashtag.com',1),(3709,NULL,1,'powerful','https://www.trackmyhashtag.com',1),(3710,NULL,2,'pro','https://www.trackmyhashtag.com',2),(3711,NULL,1,'Produto de lucro','https://www.trackmyhashtag.com',1),(3712,NULL,1,'programacion','https://www.trackmyhashtag.com',1),(3713,NULL,1,'programmersday','https://www.trackmyhashtag.com',1),(3714,NULL,1,'programming','https://www.trackmyhashtag.com',1),(3715,NULL,1,'promotion','https://www.trackmyhashtag.com',1),(3716,NULL,1,'querer conhe?er','https://www.trackmyhashtag.com',1),(3717,NULL,1,'Quero me conectar com pessoas que gostam de fotogr','https://www.trackmyhashtag.com',1),(3718,NULL,1,'radio','https://www.trackmyhashtag.com',1),(3719,NULL,1,'radiofm','https://www.trackmyhashtag.com',1),(3720,NULL,1,'radiofmfaleria','https://www.trackmyhashtag.com',1),(3721,NULL,1,'radioshow','https://www.trackmyhashtag.com',1),(3722,NULL,1,'Rakuten','https://www.trackmyhashtag.com',1),(3723,NULL,1,'Rakuten Sedori','https://www.trackmyhashtag.com',1),(3724,NULL,1,'realme','https://www.trackmyhashtag.com',1),(3725,NULL,1,'recipe','https://www.trackmyhashtag.com',1),(3726,NULL,2,'retail','https://www.trackmyhashtag.com',2),(3727,NULL,1,'ricarica','https://www.trackmyhashtag.com',1),(3728,NULL,1,'riparazione','https://www.trackmyhashtag.com',1),(3729,NULL,1,'riparazionismartphone','https://www.trackmyhashtag.com',1),(3730,NULL,1,'ritial','https://www.trackmyhashtag.com',1),(3731,NULL,2,'romance','https://www.trackmyhashtag.com',2),(3732,NULL,1,'rt?????','https://www.trackmyhashtag.com',1),(3733,NULL,1,'s','https://www.trackmyhashtag.com',1),(3734,NULL,1,'safari','https://www.trackmyhashtag.com',1),(3735,NULL,1,'samhain','https://www.trackmyhashtag.com',1),(3736,NULL,3,'samsung','https://www.trackmyhashtag.com',3),(3737,NULL,1,'search','https://www.trackmyhashtag.com',1),(3738,NULL,1,'Sedori','https://www.trackmyhashtag.com',1),(3739,NULL,1,'seo','https://www.trackmyhashtag.com',1),(3740,NULL,1,'slashgear','https://www.trackmyhashtag.com',1),(3741,NULL,1,'sleepmeister','https://www.trackmyhashtag.com',1),(3742,NULL,2,'smartphone','https://www.trackmyhashtag.com',2),(3743,NULL,1,'socialandtech','https://www.trackmyhashtag.com',1),(3744,NULL,1,'Sorteios','https://www.trackmyhashtag.com',1),(3745,NULL,1,'soundcloud','https://www.trackmyhashtag.com',1),(3746,NULL,1,'sports','https://www.trackmyhashtag.com',1),(3747,NULL,1,'spub','https://www.trackmyhashtag.com',1),(3748,NULL,1,'spwas','https://www.trackmyhashtag.com',1),(3749,NULL,1,'starboy','https://www.trackmyhashtag.com',1),(3750,NULL,1,'stock','https://www.trackmyhashtag.com',1),(3751,NULL,1,'stockmarket','https://www.trackmyhashtag.com',1),(3752,NULL,2,'stocks','https://www.trackmyhashtag.com',2),(3753,NULL,1,'swift','https://www.trackmyhashtag.com',1),(3754,NULL,1,'swiftui','https://www.trackmyhashtag.com',1),(3755,NULL,1,'swype','https://www.trackmyhashtag.com',1),(3756,NULL,1,'synthesizer','https://www.trackmyhashtag.com',1),(3757,NULL,1,'tablet','https://www.trackmyhashtag.com',1),(3758,NULL,1,'taehyun','https://www.trackmyhashtag.com',1),(3759,NULL,1,'tarde','https://www.trackmyhashtag.com',1),(3760,NULL,1,'tatstur','https://www.trackmyhashtag.com',1),(3761,NULL,1,'tech','https://www.trackmyhashtag.com',1),(3762,NULL,1,'techmania','https://www.trackmyhashtag.com',1),(3763,NULL,2,'technews','https://www.trackmyhashtag.com',2),(3764,NULL,1,'tecnologia','https://www.trackmyhashtag.com',1),(3765,NULL,1,'tekel','https://www.trackmyhashtag.com',1),(3766,NULL,1,'tekelle?me','https://www.trackmyhashtag.com',1),(3767,NULL,1,'template','https://www.trackmyhashtag.com',1),(3768,NULL,1,'Tennoji','https://www.trackmyhashtag.com',1),(3769,NULL,1,'thebigdaddychef','https://www.trackmyhashtag.com',1),(3770,NULL,1,'theclqrt','https://www.trackmyhashtag.com',1),(3771,NULL,1,'timcook','https://www.trackmyhashtag.com',1),(3772,NULL,1,'Tiroteio','https://www.trackmyhashtag.com',1),(3773,NULL,1,'topquality','https://www.trackmyhashtag.com',1),(3774,NULL,1,'trabajodistanciaconderechos','https://www.trackmyhashtag.com',1),(3775,NULL,1,'Trabalho paralelo','https://www.trackmyhashtag.com',1),(3776,NULL,1,'treasure','https://www.trackmyhashtag.com',1),(3777,NULL,1,'Troca de bateria','https://www.trackmyhashtag.com',1),(3778,NULL,1,'TSE','https://www.trackmyhashtag.com',1),(3779,NULL,1,'tutorial','https://www.trackmyhashtag.com',1),(3780,NULL,1,'twitch','https://www.trackmyhashtag.com',1),(3781,NULL,1,'udemycoupon','https://www.trackmyhashtag.com',1),(3782,NULL,1,'universxiaomi','https://www.trackmyhashtag.com',1),(3783,NULL,1,'usprbuysmoon','https://www.trackmyhashtag.com',1),(3784,NULL,1,'Vidro quebrado','https://www.trackmyhashtag.com',1),(3785,NULL,1,'walmart','https://www.trackmyhashtag.com',1),(3786,NULL,1,'whatarewewaitingfor','https://www.trackmyhashtag.com',1),(3787,NULL,1,'whitestonedomeglass','https://www.trackmyhashtag.com',1),(3788,NULL,1,'wildcardiffhour','https://www.trackmyhashtag.com',1),(3789,NULL,1,'win','https://www.trackmyhashtag.com',1),(3790,NULL,1,'wizkid','https://www.trackmyhashtag.com',1),(3791,NULL,1,'xcode','https://www.trackmyhashtag.com',1),(3792,NULL,2,'xiaomi','https://www.trackmyhashtag.com',2),(3793,NULL,1,'xiaomihome','https://www.trackmyhashtag.com',1),(3794,NULL,1,'xt3','https://www.trackmyhashtag.com',1),(3795,NULL,1,'yarafarmweather','https://www.trackmyhashtag.com',1),(3796,NULL,1,'yasa','https://www.trackmyhashtag.com',1);
/*!40000 ALTER TABLE `metadata` ENABLE KEYS */;
UNLOCK TABLES;

--
-- Table structure for table `metainicio`
--

DROP TABLE IF EXISTS `metainicio`;
/*!40101 SET @saved_cs_client     = @@character_set_client */;
/*!40101 SET character_set_client = utf8 */;
CREATE TABLE `metainicio` (
  `idmetainicio` bigint(20) NOT NULL AUTO_INCREMENT,
  `user` bigint(20) DEFAULT NULL,
  `tagini` varchar(145) DEFAULT NULL,
  `linktag` varchar(250) DEFAULT NULL,
  `grupo_id` bigint(20) DEFAULT NULL,
  PRIMARY KEY (`idmetainicio`),
  KEY `fk_metainicio_usuario1_idx` (`user`),
  KEY `fk_metainicio_grupo1_idx` (`grupo_id`),
  CONSTRAINT `fk_metainicio_grupo1` FOREIGN KEY (`grupo_id`) REFERENCES `grupo` (`idgrupo`) ON DELETE NO ACTION ON UPDATE NO ACTION,
  CONSTRAINT `fk_metainicio_usuario1` FOREIGN KEY (`user`) REFERENCES `usuario` (`idusuario`) ON DELETE NO ACTION ON UPDATE NO ACTION
) ENGINE=InnoDB AUTO_INCREMENT=5303 DEFAULT CHARSET=latin1 COLLATE=latin1_swedish_ci;
/*!40101 SET character_set_client = @saved_cs_client */;

--
-- Dumping data for table `metainicio`
--

LOCK TABLES `metainicio` WRITE;
/*!40000 ALTER TABLE `metainicio` DISABLE KEYS */;
INSERT INTO `metainicio` VALUES (1,1,'12promax','https://www.trackmyhashtag.com',2),(2,1,'5stars','https://www.trackmyhashtag.com',1),(3,1,'a14','https://www.trackmyhashtag.com',1),(4,1,'a14bionic','https://www.trackmyhashtag.com',2),(5,1,'a14bionicchip','https://www.trackmyhashtag.com',2),(6,1,'abctoast','https://www.trackmyhashtag.com',1),(7,1,'abd','https://www.trackmyhashtag.com',2),(8,1,'Abeno','https://www.trackmyhashtag.com',2),(9,1,'actu','https://www.trackmyhashtag.com',3),(10,1,'airpodpro','https://www.trackmyhashtag.com',1),(11,1,'airpods','https://www.trackmyhashtag.com',2),(12,1,'airpods','https://www.trackmyhashtag.com',3),(13,1,'Airpods','https://www.trackmyhashtag.com',1),(14,1,'airpods2','https://www.trackmyhashtag.com',2),(15,1,'airpodspro','https://www.trackmyhashtag.com',1),(16,1,'airpodspro','https://www.trackmyhashtag.com',1),(17,1,'Aisapo','https://www.trackmyhashtag.com',2),(18,1,'Aisapo','https://www.trackmyhashtag.com',2),(19,1,'amazon','https://www.trackmyhashtag.com',1),(20,1,'amazon','https://www.trackmyhashtag.com',3),(21,1,'amazonmusic','https://www.trackmyhashtag.com',2),(22,1,'amazonprimeday','https://www.trackmyhashtag.com',1),(23,1,'ambientmusic','https://www.trackmyhashtag.com',2),(24,1,'amreading','https://www.trackmyhashtag.com',1),(25,1,'android','https://www.trackmyhashtag.com',2),(26,1,'android','https://www.trackmyhashtag.com',3),(27,1,'angolo','https://www.trackmyhashtag.com',2),(28,1,'app','https://www.trackmyhashtag.com',2),(29,1,'appcdmx','https://www.trackmyhashtag.com',1),(30,1,'apple','https://www.trackmyhashtag.com',2),(31,1,'appleday','https://www.trackmyhashtag.com',1),(32,1,'appleevent','https://www.trackmyhashtag.com',2),(33,1,'applemusic','https://www.trackmyhashtag.com',1),(34,1,'appleone','https://www.trackmyhashtag.com',2),(35,1,'appleradio','https://www.trackmyhashtag.com',2),(36,1,'appletvplus','https://www.trackmyhashtag.com',1),(37,1,'applewatch','https://www.trackmyhashtag.com',1),(38,1,'applewatch','https://www.trackmyhashtag.com',2),(39,1,'applewatch5','https://www.trackmyhashtag.com',2),(40,1,'applewatches','https://www.trackmyhashtag.com',1),(41,1,'applewatchseries4','https://www.trackmyhashtag.com',2),(42,1,'aqara','https://www.trackmyhashtag.com',1),(43,1,'artist','https://www.trackmyhashtag.com',1),(44,1,'artiste','https://www.trackmyhashtag.com',1),(45,1,'asmsg','https://www.trackmyhashtag.com',2),(46,1,'athletes','https://www.trackmyhashtag.com',1),(47,1,'Atualiza??o do blog','https://www.trackmyhashtag.com',2),(48,1,'australia','https://www.trackmyhashtag.com',1),(49,1,'author','https://www.trackmyhashtag.com',1),(50,1,'automated','https://www.trackmyhashtag.com',1),(51,1,'automation','https://www.trackmyhashtag.com',1),(52,1,'automation','https://www.trackmyhashtag.com',1),(53,1,'autumn','https://www.trackmyhashtag.com',2),(54,1,'b2bmarketing','https://www.trackmyhashtag.com',3),(55,1,'backflow','https://www.trackmyhashtag.com',2),(56,1,'beat','https://www.trackmyhashtag.com',1),(57,1,'beats','https://www.trackmyhashtag.com',1),(58,1,'beetroot','https://www.trackmyhashtag.com',1),(59,1,'bestsong','https://www.trackmyhashtag.com',1),(60,1,'blackandwhitephotography','https://www.trackmyhashtag.com',2),(61,1,'blog','https://www.trackmyhashtag.com',5),(62,1,'blog','https://www.trackmyhashtag.com',2),(63,1,'blog','https://www.trackmyhashtag.com',2),(64,1,'blogger','https://www.trackmyhashtag.com',2),(65,1,'blogos','https://www.trackmyhashtag.com',5),(66,1,'blogpost','https://www.trackmyhashtag.com',2),(67,1,'boj','https://www.trackmyhashtag.com',4),(68,1,'Bom dia maca','https://www.trackmyhashtag.com',2),(69,1,'Bom dia maca','https://www.trackmyhashtag.com',2),(70,1,'book','https://www.trackmyhashtag.com',1),(71,1,'books','https://www.trackmyhashtag.com',1),(72,1,'breakingdawn','https://www.trackmyhashtag.com',1),(73,1,'bts','https://www.trackmyhashtag.com',1),(74,1,'bts_be','https://www.trackmyhashtag.com',2),(75,1,'bts_dynamite','https://www.trackmyhashtag.com',1),(76,1,'bumpin','https://www.trackmyhashtag.com',1),(77,1,'cadute','https://www.trackmyhashtag.com',1),(78,1,'Can??o da caixa','https://www.trackmyhashtag.com',1),(79,1,'capableep','https://www.trackmyhashtag.com',3),(80,1,'carrot','https://www.trackmyhashtag.com',1),(81,1,'Censo','https://www.trackmyhashtag.com',2),(82,1,'C?u','https://www.trackmyhashtag.com',3),(83,1,'chefajaychopra','https://www.trackmyhashtag.com',1),(84,1,'Chochune','https://www.trackmyhashtag.com',1),(85,1,'Comunica??o de gadget','https://www.trackmyhashtag.com',1),(86,1,'confetti','https://www.trackmyhashtag.com',2),(87,1,'confetti','https://www.trackmyhashtag.com',2),(88,1,'confetti','https://www.trackmyhashtag.com',1),(89,1,'Conserto de LCD','https://www.trackmyhashtag.com',2),(90,1,'Conserto de telefones oculares','https://www.trackmyhashtag.com',2),(91,1,'contentmarketing','https://www.trackmyhashtag.com',3),(92,1,'cottoncandy','https://www.trackmyhashtag.com',2),(93,1,'covid19','https://www.trackmyhashtag.com',2),(94,1,'cursosenl????','https://www.trackmyhashtag.com',1),(95,1,'cybergate','https://www.trackmyhashtag.com',1),(96,1,'deal','https://www.trackmyhashtag.com',1),(97,1,'deal','https://www.trackmyhashtag.com',2),(98,1,'deals','https://www.trackmyhashtag.com',2),(99,1,'desdecasa','https://www.trackmyhashtag.com',1),(100,1,'dinheiro','https://www.trackmyhashtag.com',2),(101,1,'display','https://www.trackmyhashtag.com',2),(102,1,'diy','https://www.trackmyhashtag.com',1),(103,1,'djs','https://www.trackmyhashtag.com',1),(104,1,'dopetech','https://www.trackmyhashtag.com',1),(105,1,'dussehra','https://www.trackmyhashtag.com',1),(106,1,'ecommerce','https://www.trackmyhashtag.com',1),(107,1,'electionday2020','https://www.trackmyhashtag.com',1),(108,1,'electrocitylt','https://www.trackmyhashtag.com',3),(109,1,'electronica','https://www.trackmyhashtag.com',1),(110,1,'Em estoque','https://www.trackmyhashtag.com',1),(111,1,'engadgetjp','https://www.trackmyhashtag.com',1),(112,1,'Entrega','https://www.trackmyhashtag.com',1),(113,1,'entrepreneur','https://www.trackmyhashtag.com',2),(114,1,'Escreva com o seu arroz modelo favorito','https://www.trackmyhashtag.com',2),(115,1,'estoque','https://www.trackmyhashtag.com',1),(116,1,'facebook','https://www.trackmyhashtag.com',3),(117,1,'federico','https://www.trackmyhashtag.com',2),(118,1,'fone de ouvido','https://www.trackmyhashtag.com',1),(119,1,'foto','https://www.trackmyhashtag.com',5),(120,1,'foxconn','https://www.trackmyhashtag.com',2),(121,1,'free','https://www.trackmyhashtag.com',2),(122,1,'free','https://www.trackmyhashtag.com',4),(123,1,'freelancer','https://www.trackmyhashtag.com',1),(124,1,'freelancers','https://www.trackmyhashtag.com',1),(125,1,'freelancing','https://www.trackmyhashtag.com',1),(126,1,'fujifilm','https://www.trackmyhashtag.com',2),(127,1,'fujifilm_xseries','https://www.trackmyhashtag.com',2),(128,1,'fundamental','https://www.trackmyhashtag.com',1),(129,1,'Fundo de investimento','https://www.trackmyhashtag.com',2),(130,1,'gadget','https://www.trackmyhashtag.com',1),(131,1,'gadgets','https://www.trackmyhashtag.com',1),(132,1,'ganga','https://www.trackmyhashtag.com',2),(133,1,'ganga','https://www.trackmyhashtag.com',1),(134,1,'gateway','https://www.trackmyhashtag.com',1),(135,1,'giveaway','https://www.trackmyhashtag.com',1),(136,1,'giveaway','https://www.trackmyhashtag.com',1),(137,1,'google','https://www.trackmyhashtag.com',1),(138,1,'google','https://www.trackmyhashtag.com',4),(139,1,'google','https://www.trackmyhashtag.com',3),(140,1,'gragra','https://www.trackmyhashtag.com',1),(141,1,'headphones','https://www.trackmyhashtag.com',1),(142,1,'healthy','https://www.trackmyhashtag.com',1),(143,1,'hiphop','https://www.trackmyhashtag.com',2),(144,1,'holy','https://www.trackmyhashtag.com',1),(145,1,'homekit','https://www.trackmyhashtag.com',1),(146,1,'homepod','https://www.trackmyhashtag.com',1),(147,1,'hp','https://www.trackmyhashtag.com',2),(148,1,'hpprinters','https://www.trackmyhashtag.com',2),(149,1,'huawai','https://www.trackmyhashtag.com',1),(150,1,'huawei','https://www.trackmyhashtag.com',1),(151,1,'huawei','https://www.trackmyhashtag.com',2),(152,1,'huaweimate40','https://www.trackmyhashtag.com',2),(153,1,'hueningkai','https://www.trackmyhashtag.com',1),(154,1,'ian1','https://www.trackmyhashtag.com',2),(155,1,'iartg','https://www.trackmyhashtag.com',2),(156,1,'ibook','https://www.trackmyhashtag.com',2),(157,1,'incense','https://www.trackmyhashtag.com',2),(158,1,'interview','https://www.trackmyhashtag.com',1),(159,1,'investimento','https://www.trackmyhashtag.com',2),(160,1,'investing','https://www.trackmyhashtag.com',1),(161,1,'investment','https://www.trackmyhashtag.com',1),(162,1,'investment','https://www.trackmyhashtag.com',4),(163,1,'ios','https://www.trackmyhashtag.com',1),(164,1,'ios','https://www.trackmyhashtag.com',2),(165,1,'ios','https://www.trackmyhashtag.com',5),(166,1,'ios','https://www.trackmyhashtag.com',4),(167,1,'ios13','https://www.trackmyhashtag.com',2),(168,1,'ios14','https://www.trackmyhashtag.com',5),(169,1,'iosdev','https://www.trackmyhashtag.com',2),(170,1,'ipad','https://www.trackmyhashtag.com',2),(171,1,'ipad','https://www.trackmyhashtag.com',8),(172,1,'ipad8thgen','https://www.trackmyhashtag.com',1),(173,1,'ipadair4','https://www.trackmyhashtag.com',1),(174,1,'ipadpro','https://www.trackmyhashtag.com',3),(175,1,'ipadpro11','https://www.trackmyhashtag.com',3),(176,1,'iph','https://www.trackmyhashtag.com',1),(177,1,'iphone','https://www.trackmyhashtag.com',1),(178,1,'iphone','https://www.trackmyhashtag.com',2),(179,1,'iphone','https://www.trackmyhashtag.com',4),(180,1,'Iphone','https://www.trackmyhashtag.com',2),(181,1,'iphone11','https://www.trackmyhashtag.com',2),(182,1,'iphone11','https://www.trackmyhashtag.com',2),(183,1,'iphone11pro','https://www.trackmyhashtag.com',1),(184,1,'iphone12','https://www.trackmyhashtag.com',1),(185,1,'iphone12','https://www.trackmyhashtag.com',10),(186,1,'iphone12','https://www.trackmyhashtag.com',10),(187,1,'iphone12','https://www.trackmyhashtag.com',1),(188,1,'iphone12mini','https://www.trackmyhashtag.com',4),(189,1,'iphone12pro','https://www.trackmyhashtag.com',1),(190,1,'iphone12pro','https://www.trackmyhashtag.com',5),(191,1,'iphone12pro','https://www.trackmyhashtag.com',8),(192,1,'iphone12pro','https://www.trackmyhashtag.com',1),(193,1,'iphone12pro','https://www.trackmyhashtag.com',1),(194,1,'iphone12promax','https://www.trackmyhashtag.com',1),(195,1,'iphone12promax','https://www.trackmyhashtag.com',6),(196,1,'iphone12series','https://www.trackmyhashtag.com',2),(197,1,'iphone12th','https://www.trackmyhashtag.com',2),(198,1,'iphone13','https://www.trackmyhashtag.com',2),(199,1,'iphone13','https://www.trackmyhashtag.com',3),(200,1,'iphone8','https://www.trackmyhashtag.com',3),(201,1,'iphone??','https://www.trackmyhashtag.com',2),(202,1,'ipl','https://www.trackmyhashtag.com',1),(203,1,'itunes','https://www.trackmyhashtag.com',1),(204,1,'japan','https://www.trackmyhashtag.com',4),(205,1,'Japan Bank','https://www.trackmyhashtag.com',4),(206,1,'Jejun','https://www.trackmyhashtag.com',1),(207,1,'jin','https://www.trackmyhashtag.com',2),(208,1,'jubeat_plus','https://www.trackmyhashtag.com',1),(209,1,'Kairou Soft','https://www.trackmyhashtag.com',1),(210,1,'keynote','https://www.trackmyhashtag.com',2),(211,1,'kindle','https://www.trackmyhashtag.com',1),(212,1,'kindle','https://www.trackmyhashtag.com',2),(213,1,'kirin9000','https://www.trackmyhashtag.com',2),(214,1,'kobo','https://www.trackmyhashtag.com',1),(215,1,'latina','https://www.trackmyhashtag.com',3),(216,1,'libra','https://www.trackmyhashtag.com',1),(217,1,'lifegoeson','https://www.trackmyhashtag.com',1),(218,1,'linux','https://www.trackmyhashtag.com',4),(219,1,'loseit','https://www.trackmyhashtag.com',1),(220,1,'love','https://www.trackmyhashtag.com',1),(221,1,'Lucro explosivo','https://www.trackmyhashtag.com',2),(222,1,'mac','https://www.trackmyhashtag.com',1),(223,1,'mac','https://www.trackmyhashtag.com',3),(224,1,'mac','https://www.trackmyhashtag.com',2),(225,1,'macbook','https://www.trackmyhashtag.com',1),(226,1,'macbookpro','https://www.trackmyhashtag.com',2),(227,1,'macmagazine','https://www.trackmyhashtag.com',2),(228,1,'macos','https://www.trackmyhashtag.com',3),(229,1,'macron20h','https://www.trackmyhashtag.com',2),(230,1,'madeinlagos','https://www.trackmyhashtag.com',10),(231,1,'madeinlagos','https://www.trackmyhashtag.com',7),(232,1,'magente','https://www.trackmyhashtag.com',1),(233,1,'magsafe','https://www.trackmyhashtag.com',1),(234,1,'Mar','https://www.trackmyhashtag.com',3),(235,1,'mate40','https://www.trackmyhashtag.com',2),(236,1,'mc','https://www.trackmyhashtag.com',1),(237,1,'M?dia de estoque nikkei','https://www.trackmyhashtag.com',4),(238,1,'Metade do mundo','https://www.trackmyhashtag.com',1),(239,1,'Meu mundo jogado por fotos','https://www.trackmyhashtag.com',3),(240,1,'microsoft','https://www.trackmyhashtag.com',2),(241,1,'microsoft','https://www.trackmyhashtag.com',7),(242,1,'mihome','https://www.trackmyhashtag.com',1),(243,1,'mil','https://www.trackmyhashtag.com',1),(244,1,'mil','https://www.trackmyhashtag.com',2),(245,1,'mitaxi','https://www.trackmyhashtag.com',1),(246,1,'mobile','https://www.trackmyhashtag.com',1),(247,1,'mobile','https://www.trackmyhashtag.com',2),(248,1,'mobilecovers','https://www.trackmyhashtag.com',2),(249,1,'monochrome','https://www.trackmyhashtag.com',2),(250,1,'montenegro','https://www.trackmyhashtag.com',2),(251,1,'motorola','https://www.trackmyhashtag.com',1),(252,1,'musician','https://www.trackmyhashtag.com',2),(253,1,'nationalapplemonth','https://www.trackmyhashtag.com',1),(254,1,'newmusicdaily','https://www.trackmyhashtag.com',2),(255,1,'newmusicdaily','https://www.trackmyhashtag.com',2),(256,1,'newpost','https://www.trackmyhashtag.com',2),(257,1,'newrelease','https://www.trackmyhashtag.com',1),(258,1,'news','https://www.trackmyhashtag.com',1),(259,1,'Ninja','https://www.trackmyhashtag.com',4),(260,1,'nisa','https://www.trackmyhashtag.com',2),(261,1,'Nisa rec?m-colhida','https://www.trackmyhashtag.com',2),(262,1,'nokia','https://www.trackmyhashtag.com',1),(263,1,'octubre2020','https://www.trackmyhashtag.com',3),(264,1,'omajingepod','https://www.trackmyhashtag.com',1),(265,1,'oneplus','https://www.trackmyhashtag.com',1),(266,1,'options','https://www.trackmyhashtag.com',1),(267,1,'optionsflow','https://www.trackmyhashtag.com',2),(268,1,'optionstrade','https://www.trackmyhashtag.com',1),(269,1,'optionstrading','https://www.trackmyhashtag.com',1),(270,1,'optiontrading','https://www.trackmyhashtag.com',1),(271,1,'organic','https://www.trackmyhashtag.com',1),(272,1,'p?gases','https://www.trackmyhashtag.com',3),(273,1,'perth','https://www.trackmyhashtag.com',1),(274,1,'Pesquisa de Conscientiza??o','https://www.trackmyhashtag.com',2),(275,1,'phone','https://www.trackmyhashtag.com',2),(276,1,'photography','https://www.trackmyhashtag.com',2),(277,1,'Plano atual','https://www.trackmyhashtag.com',1),(278,1,'Plano atual','https://www.trackmyhashtag.com',1),(279,1,'podcast','https://www.trackmyhashtag.com',2),(280,1,'podcast','https://www.trackmyhashtag.com',2),(281,1,'podcast','https://www.trackmyhashtag.com',3),(282,1,'podcast','https://www.trackmyhashtag.com',1),(283,1,'poorvika','https://www.trackmyhashtag.com',2),(284,1,'powerful','https://www.trackmyhashtag.com',1),(285,1,'pro','https://www.trackmyhashtag.com',2),(286,1,'pro','https://www.trackmyhashtag.com',1),(287,1,'Produto de lucro','https://www.trackmyhashtag.com',2),(288,1,'programacion','https://www.trackmyhashtag.com',3),(289,1,'programmersday','https://www.trackmyhashtag.com',3),(290,1,'programming','https://www.trackmyhashtag.com',3),(291,1,'promotion','https://www.trackmyhashtag.com',2),(292,1,'querer conhe?er','https://www.trackmyhashtag.com',1),(293,1,'Quero me conectar com pessoas que gostam de fotografia','https://www.trackmyhashtag.com',3),(294,1,'radio','https://www.trackmyhashtag.com',1),(295,1,'radiofm','https://www.trackmyhashtag.com',1),(296,1,'radiofmfaleria','https://www.trackmyhashtag.com',1),(297,1,'radioshow','https://www.trackmyhashtag.com',1),(298,1,'Rakuten','https://www.trackmyhashtag.com',2),(299,1,'Rakuten Sedori','https://www.trackmyhashtag.com',2),(300,1,'realme','https://www.trackmyhashtag.com',1),(301,1,'recipe','https://www.trackmyhashtag.com',2),(302,1,'retail','https://www.trackmyhashtag.com',2),(303,1,'retail','https://www.trackmyhashtag.com',2),(304,1,'ricarica','https://www.trackmyhashtag.com',1),(305,1,'riparazione','https://www.trackmyhashtag.com',3),(306,1,'riparazionismartphone','https://www.trackmyhashtag.com',3),(307,1,'ritial','https://www.trackmyhashtag.com',2),(308,1,'romance','https://www.trackmyhashtag.com',2),(309,1,'romance','https://www.trackmyhashtag.com',1),(310,1,'rt?????','https://www.trackmyhashtag.com',2),(311,1,'s','https://www.trackmyhashtag.com',2),(312,1,'safari','https://www.trackmyhashtag.com',1),(313,1,'samhain','https://www.trackmyhashtag.com',2),(314,1,'samsung','https://www.trackmyhashtag.com',1),(315,1,'samsung','https://www.trackmyhashtag.com',3),(316,1,'samsung','https://www.trackmyhashtag.com',2),(317,1,'search','https://www.trackmyhashtag.com',2),(318,1,'Sedori','https://www.trackmyhashtag.com',2),(319,1,'seo','https://www.trackmyhashtag.com',3),(320,1,'slashgear','https://www.trackmyhashtag.com',2),(321,1,'sleepmeister','https://www.trackmyhashtag.com',2),(322,1,'smartphone','https://www.trackmyhashtag.com',2),(323,1,'Smartphone','https://www.trackmyhashtag.com',2),(324,1,'socialandtech','https://www.trackmyhashtag.com',2),(325,1,'Sorteios','https://www.trackmyhashtag.com',1),(326,1,'soundcloud','https://www.trackmyhashtag.com',2),(327,1,'sports','https://www.trackmyhashtag.com',1),(328,1,'spub','https://www.trackmyhashtag.com',2),(329,1,'spwas','https://www.trackmyhashtag.com',1),(330,1,'starboy','https://www.trackmyhashtag.com',2),(331,1,'stock','https://www.trackmyhashtag.com',1),(332,1,'stockmarket','https://www.trackmyhashtag.com',1),(333,1,'stocks','https://www.trackmyhashtag.com',2),(334,1,'stocks','https://www.trackmyhashtag.com',4),(335,1,'swift','https://www.trackmyhashtag.com',2),(336,1,'swiftui','https://www.trackmyhashtag.com',2),(337,1,'swype','https://www.trackmyhashtag.com',2),(338,1,'synthesizer','https://www.trackmyhashtag.com',2),(339,1,'tablet','https://www.trackmyhashtag.com',4),(340,1,'taehyun','https://www.trackmyhashtag.com',1),(341,1,'tarde','https://www.trackmyhashtag.com',3),(342,1,'tatstur','https://www.trackmyhashtag.com',2),(343,1,'tech','https://www.trackmyhashtag.com',2),(344,1,'techmania','https://www.trackmyhashtag.com',1),(345,1,'technews','https://www.trackmyhashtag.com',1),(346,1,'technews','https://www.trackmyhashtag.com',4),(347,1,'tecnologia','https://www.trackmyhashtag.com',4),(348,1,'tekel','https://www.trackmyhashtag.com',2),(349,1,'tekelle?me','https://www.trackmyhashtag.com',2),(350,1,'template','https://www.trackmyhashtag.com',2),(351,1,'Tennoji','https://www.trackmyhashtag.com',2),(352,1,'thebigdaddychef','https://www.trackmyhashtag.com',1),(353,1,'theclqrt','https://www.trackmyhashtag.com',2),(354,1,'timcook','https://www.trackmyhashtag.com',1),(355,1,'Tiroteio','https://www.trackmyhashtag.com',2),(356,1,'topquality','https://www.trackmyhashtag.com',3),(357,1,'trabajodistanciaconderechos','https://www.trackmyhashtag.com',1),(358,1,'Trabalho paralelo','https://www.trackmyhashtag.com',2),(359,1,'treasure','https://www.trackmyhashtag.com',2),(360,1,'Troca de bateria','https://www.trackmyhashtag.com',2),(361,1,'TSE','https://www.trackmyhashtag.com',4),(362,1,'tutorial','https://www.trackmyhashtag.com',1),(363,1,'twitch','https://www.trackmyhashtag.com',1),(364,1,'udemycoupon','https://www.trackmyhashtag.com',1),(365,1,'universxiaomi','https://www.trackmyhashtag.com',1),(366,1,'usprbuysmoon','https://www.trackmyhashtag.com',2),(367,1,'Vidro quebrado','https://www.trackmyhashtag.com',2),(368,1,'walmart','https://www.trackmyhashtag.com',1),(369,1,'whatarewewaitingfor','https://www.trackmyhashtag.com',2),(370,1,'whitestonedomeglass','https://www.trackmyhashtag.com',2),(371,1,'wildcardiffhour','https://www.trackmyhashtag.com',6),(372,1,'win','https://www.trackmyhashtag.com',1),(373,1,'wizkid','https://www.trackmyhashtag.com',5),(374,1,'xcode','https://www.trackmyhashtag.com',2),(375,1,'xiaomi','https://www.trackmyhashtag.com',2),(376,1,'xiaomi','https://www.trackmyhashtag.com',1),(377,1,'xiaomihome','https://www.trackmyhashtag.com',1),(378,1,'xt3','https://www.trackmyhashtag.com',2),(379,1,'yarafarmweather','https://www.trackmyhashtag.com',2),(380,1,'yasa','https://www.trackmyhashtag.com',2),(3621,1,'iphone12','https://www.trackmyhashtag.com',11),(3622,1,'iphone12','https://www.trackmyhashtag.com',11),(3623,1,'iphone12','https://www.trackmyhashtag.com',11),(3624,1,'iphone12','https://www.trackmyhashtag.com',11),(3625,1,'iphone12','https://www.trackmyhashtag.com',11),(3626,1,'iphone12','https://www.trackmyhashtag.com',11),(3627,1,'iphone12','https://www.trackmyhashtag.com',11),(3628,1,'iphone12','https://www.trackmyhashtag.com',11),(3629,1,'iphone12','https://www.trackmyhashtag.com',11),(3630,1,'iphone12','https://www.trackmyhashtag.com',11),(3631,1,'iphone12','https://www.trackmyhashtag.com',11),(3632,1,'iphone12','https://www.trackmyhashtag.com',11),(3633,1,'iphone12','https://www.trackmyhashtag.com',11),(3634,1,'iphone12','https://www.trackmyhashtag.com',11),(3635,1,'iphone12','https://www.trackmyhashtag.com',11),(3636,1,'iphone12','https://www.trackmyhashtag.com',11),(3637,1,'iphone12','https://www.trackmyhashtag.com',11),(3638,1,'iphone12','https://www.trackmyhashtag.com',11),(3639,1,'iphone12','https://www.trackmyhashtag.com',11),(3640,1,'iphone12','https://www.trackmyhashtag.com',11),(3641,1,'iphone12','https://www.trackmyhashtag.com',11),(3642,1,'iphone12','https://www.trackmyhashtag.com',11),(3643,1,'iphone12','https://www.trackmyhashtag.com',11),(3644,1,'iphone12','https://www.trackmyhashtag.com',11),(3645,1,'iphone12','https://www.trackmyhashtag.com',11),(3646,1,'iphone12','https://www.trackmyhashtag.com',11),(3647,1,'iphone12','https://www.trackmyhashtag.com',11),(3648,1,'iphone12','https://www.trackmyhashtag.com',11),(3649,1,'iphone12','https://www.trackmyhashtag.com',11),(3650,1,'iphone12','https://www.trackmyhashtag.com',11),(3651,1,'iphone12','https://www.trackmyhashtag.com',11),(3652,1,'iphone12','https://www.trackmyhashtag.com',11),(3653,1,'iphone12','https://www.trackmyhashtag.com',11),(3654,1,'iphone12','https://www.trackmyhashtag.com',11),(3655,1,'iphone12','https://www.trackmyhashtag.com',11),(3656,1,'iphone12','https://www.trackmyhashtag.com',11),(3657,1,'iphone12','https://www.trackmyhashtag.com',11),(3658,1,'iphone12','https://www.trackmyhashtag.com',11),(3659,1,'iphone12','https://www.trackmyhashtag.com',11),(3660,1,'iphone12','https://www.trackmyhashtag.com',11),(3661,1,'iphone12','https://www.trackmyhashtag.com',11),(3662,1,'iphone12','https://www.trackmyhashtag.com',11),(3663,1,'iphone12','https://www.trackmyhashtag.com',11),(3664,1,'iphone12','https://www.trackmyhashtag.com',11),(3665,1,'iphone12','https://www.trackmyhashtag.com',11),(3666,1,'iphone12','https://www.trackmyhashtag.com',11),(3667,1,'iphone12','https://www.trackmyhashtag.com',11),(3668,1,'iphone12','https://www.trackmyhashtag.com',11),(3669,1,'iphone12','https://www.trackmyhashtag.com',11),(3670,1,'iphone12','https://www.trackmyhashtag.com',11),(3671,1,'iphone12','https://www.trackmyhashtag.com',11),(3672,1,'iphone12','https://www.trackmyhashtag.com',11),(3673,1,'iphone12','https://www.trackmyhashtag.com',11),(3674,1,'iphone12','https://www.trackmyhashtag.com',11),(3675,1,'iphone12','https://www.trackmyhashtag.com',11),(3676,1,'iphone12','https://www.trackmyhashtag.com',11),(3677,1,'iphone12','https://www.trackmyhashtag.com',11),(3678,1,'iphone12','https://www.trackmyhashtag.com',11),(3679,1,'iphone12','https://www.trackmyhashtag.com',11),(3680,1,'iphone12','https://www.trackmyhashtag.com',11),(3681,1,'iphone12','https://www.trackmyhashtag.com',11),(3682,1,'iphone12','https://www.trackmyhashtag.com',11),(3683,1,'iphone12','https://www.trackmyhashtag.com',11),(3684,1,'iphone12','https://www.trackmyhashtag.com',11),(3685,1,'iphone12','https://www.trackmyhashtag.com',11),(3686,1,'iphone12','https://www.trackmyhashtag.com',11),(3687,1,'iphone12','https://www.trackmyhashtag.com',11),(3688,1,'iphone12','https://www.trackmyhashtag.com',11),(3689,1,'iphone12','https://www.trackmyhashtag.com',11),(3690,1,'iphone12','https://www.trackmyhashtag.com',11),(3691,1,'iphone12','https://www.trackmyhashtag.com',11),(3692,1,'iphone12','https://www.trackmyhashtag.com',11),(3693,1,'iphone12','https://www.trackmyhashtag.com',11),(3694,1,'iphone12','https://www.trackmyhashtag.com',11),(3695,1,'iphone12','https://www.trackmyhashtag.com',11),(3696,1,'iphone12','https://www.trackmyhashtag.com',11),(3697,1,'iphone12','https://www.trackmyhashtag.com',11),(3698,1,'iphone12','https://www.trackmyhashtag.com',11),(3699,1,'iphone12','https://www.trackmyhashtag.com',11),(3700,1,'iphone12','https://www.trackmyhashtag.com',11),(3701,1,'iphone12','https://www.trackmyhashtag.com',11),(3702,1,'iphone12','https://www.trackmyhashtag.com',11),(3703,1,'iphone12','https://www.trackmyhashtag.com',11),(3704,1,'iphone12','https://www.trackmyhashtag.com',11),(3705,1,'iphone12','https://www.trackmyhashtag.com',11),(3706,1,'iphone12','https://www.trackmyhashtag.com',11),(3707,1,'iphone12','https://www.trackmyhashtag.com',11),(3708,1,'iphone12','https://www.trackmyhashtag.com',11),(3709,1,'iphone12','https://www.trackmyhashtag.com',11),(3710,1,'iphone12','https://www.trackmyhashtag.com',11),(3711,1,'iphone12','https://www.trackmyhashtag.com',11),(3712,1,'iphone12','https://www.trackmyhashtag.com',11),(3713,1,'iphone12','https://www.trackmyhashtag.com',11),(3714,1,'iphone12','https://www.trackmyhashtag.com',11),(3715,1,'iphone12','https://www.trackmyhashtag.com',11),(3716,1,'iphone12','https://www.trackmyhashtag.com',11),(3717,1,'iphone12','https://www.trackmyhashtag.com',11),(3718,1,'iphone12','https://www.trackmyhashtag.com',11),(3719,1,'iphone12','https://www.trackmyhashtag.com',11),(3720,1,'iphone12','https://www.trackmyhashtag.com',11),(3721,1,'iphone12','https://www.trackmyhashtag.com',11),(3722,1,'iphone12','https://www.trackmyhashtag.com',11),(3723,1,'iphone12','https://www.trackmyhashtag.com',11),(3724,1,'iphone12','https://www.trackmyhashtag.com',11),(3725,1,'iphone12','https://www.trackmyhashtag.com',11),(3726,1,'iphone12','https://www.trackmyhashtag.com',11),(3727,1,'iphone12','https://www.trackmyhashtag.com',11),(3728,1,'iphone12','https://www.trackmyhashtag.com',11),(3729,1,'iphone12','https://www.trackmyhashtag.com',11),(3730,1,'iphone12','https://www.trackmyhashtag.com',11),(3731,1,'iphone12','https://www.trackmyhashtag.com',11),(3732,1,'iphone12','https://www.trackmyhashtag.com',11),(3733,1,'iphone12','https://www.trackmyhashtag.com',11),(3734,1,'iphone12','https://www.trackmyhashtag.com',11),(3735,1,'iphone12','https://www.trackmyhashtag.com',11),(3736,1,'iphone12','https://www.trackmyhashtag.com',11),(3737,1,'iphone12','https://www.trackmyhashtag.com',11),(3738,1,'iphone12','https://www.trackmyhashtag.com',11),(3739,1,'iphone12','https://www.trackmyhashtag.com',11),(3740,1,'iphone12','https://www.trackmyhashtag.com',11),(3741,1,'iphone12','https://www.trackmyhashtag.com',11),(3742,1,'iphone12','https://www.trackmyhashtag.com',11),(3743,1,'iphone12','https://www.trackmyhashtag.com',11),(3744,1,'iphone12','https://www.trackmyhashtag.com',11),(3745,1,'iphone12','https://www.trackmyhashtag.com',11),(3746,1,'iphone12','https://www.trackmyhashtag.com',11),(3747,1,'iphone12','https://www.trackmyhashtag.com',11),(3748,1,'iphone12','https://www.trackmyhashtag.com',11),(3749,1,'iphone12','https://www.trackmyhashtag.com',11),(3750,1,'iphone12','https://www.trackmyhashtag.com',11),(3751,1,'iphone12','https://www.trackmyhashtag.com',11),(3752,1,'iphone12','https://www.trackmyhashtag.com',11),(3753,1,'iphone12','https://www.trackmyhashtag.com',11),(3754,1,'iphone12','https://www.trackmyhashtag.com',11),(3755,1,'iphone12','https://www.trackmyhashtag.com',11),(3756,1,'iphone12','https://www.trackmyhashtag.com',11),(3757,1,'iphone12','https://www.trackmyhashtag.com',11),(3758,1,'iphone12','https://www.trackmyhashtag.com',11),(3759,1,'iphone12','https://www.trackmyhashtag.com',11),(3760,1,'iphone12','https://www.trackmyhashtag.com',11),(3761,1,'iphone12','https://www.trackmyhashtag.com',11),(3762,1,'iphone12','https://www.trackmyhashtag.com',11),(3763,1,'iphone12','https://www.trackmyhashtag.com',11),(3764,1,'iphone12','https://www.trackmyhashtag.com',11),(3765,1,'iphone12','https://www.trackmyhashtag.com',11),(3766,1,'iphone12','https://www.trackmyhashtag.com',11),(3767,1,'iphone12','https://www.trackmyhashtag.com',11),(3768,1,'iphone12','https://www.trackmyhashtag.com',11),(3769,1,'iphone12','https://www.trackmyhashtag.com',11),(3770,1,'iphone12','https://www.trackmyhashtag.com',11),(3771,1,'iphone12','https://www.trackmyhashtag.com',11),(3772,1,'iphone12','https://www.trackmyhashtag.com',11),(3773,1,'iphone12','https://www.trackmyhashtag.com',11),(3774,1,'iphone14','https://www.trackmyhashtag.com',11),(3775,1,'iphone14','https://www.trackmyhashtag.com',11),(3776,1,'iphone14','https://www.trackmyhashtag.com',11),(3777,1,'iphone14','https://www.trackmyhashtag.com',11),(3778,1,'iphone14','https://www.trackmyhashtag.com',11),(3779,1,'iphone14','https://www.trackmyhashtag.com',11),(3780,1,'iphone14','https://www.trackmyhashtag.com',11),(3781,1,'iphone14','https://www.trackmyhashtag.com',11),(3782,1,'iphone14','https://www.trackmyhashtag.com',11),(3783,1,'iphone14','https://www.trackmyhashtag.com',11),(3784,1,'iphone14','https://www.trackmyhashtag.com',11),(3785,1,'iphone14','https://www.trackmyhashtag.com',11),(3786,1,'iphone14','https://www.trackmyhashtag.com',11),(3787,1,'iphone14','https://www.trackmyhashtag.com',11),(3788,1,'iphone14','https://www.trackmyhashtag.com',11),(3789,1,'iphone14','https://www.trackmyhashtag.com',11),(3790,1,'iphone14','https://www.trackmyhashtag.com',11),(3791,1,'iphone14','https://www.trackmyhashtag.com',11),(3792,1,'iphone14','https://www.trackmyhashtag.com',11),(3793,1,'iphone14','https://www.trackmyhashtag.com',11),(3794,1,'iphone14','https://www.trackmyhashtag.com',11),(3795,1,'iphone14','https://www.trackmyhashtag.com',11),(3796,1,'iphone14','https://www.trackmyhashtag.com',11),(3797,1,'iphone14','https://www.trackmyhashtag.com',11),(3798,1,'iphone14','https://www.trackmyhashtag.com',11),(3799,1,'iphone14','https://www.trackmyhashtag.com',11),(3800,1,'iphone14','https://www.trackmyhashtag.com',11),(3801,1,'iphone14','https://www.trackmyhashtag.com',11),(3802,1,'iphone14','https://www.trackmyhashtag.com',11),(3803,1,'iphone14','https://www.trackmyhashtag.com',11),(3804,1,'iphone14','https://www.trackmyhashtag.com',11),(3805,1,'iphone14','https://www.trackmyhashtag.com',11),(3806,1,'iphone14','https://www.trackmyhashtag.com',11),(3807,1,'iphone14','https://www.trackmyhashtag.com',11),(3808,1,'iphone14','https://www.trackmyhashtag.com',11),(3809,1,'iphone14','https://www.trackmyhashtag.com',11),(3810,1,'iphone14','https://www.trackmyhashtag.com',11),(3811,1,'iphone14','https://www.trackmyhashtag.com',11),(3812,1,'iphone14','https://www.trackmyhashtag.com',11),(3813,1,'iphone14','https://www.trackmyhashtag.com',11),(3814,1,'iphone14','https://www.trackmyhashtag.com',11),(3815,1,'iphone14','https://www.trackmyhashtag.com',11),(3816,1,'iphone14','https://www.trackmyhashtag.com',11),(3817,1,'iphone14','https://www.trackmyhashtag.com',11),(3818,1,'iphone14','https://www.trackmyhashtag.com',11),(3819,1,'iphone14','https://www.trackmyhashtag.com',11),(3820,1,'iphone14','https://www.trackmyhashtag.com',11),(3821,1,'iphone14','https://www.trackmyhashtag.com',11),(3822,1,'iphone14','https://www.trackmyhashtag.com',11),(3823,1,'iphone14','https://www.trackmyhashtag.com',11),(3824,1,'iphone14','https://www.trackmyhashtag.com',11),(3825,1,'iphone14','https://www.trackmyhashtag.com',11),(3826,1,'iphone14','https://www.trackmyhashtag.com',11),(3827,1,'iphone14','https://www.trackmyhashtag.com',11),(3828,1,'iphone14','https://www.trackmyhashtag.com',11),(3829,1,'iphone14','https://www.trackmyhashtag.com',11),(3830,1,'iphone14','https://www.trackmyhashtag.com',11),(3831,1,'iphone14','https://www.trackmyhashtag.com',11),(3832,1,'iphone14','https://www.trackmyhashtag.com',11),(3833,1,'iphone14','https://www.trackmyhashtag.com',11),(3834,1,'iphone14','https://www.trackmyhashtag.com',11),(3835,1,'iphone14','https://www.trackmyhashtag.com',11),(3836,1,'iphone14','https://www.trackmyhashtag.com',11),(3837,1,'iphone14','https://www.trackmyhashtag.com',11),(3838,1,'iphone14','https://www.trackmyhashtag.com',11),(3839,1,'iphone14','https://www.trackmyhashtag.com',11),(3840,1,'iphone14','https://www.trackmyhashtag.com',11),(3841,1,'iphone14','https://www.trackmyhashtag.com',11),(3842,1,'iphone14','https://www.trackmyhashtag.com',11),(3843,1,'iphone14','https://www.trackmyhashtag.com',11),(3844,1,'iphone14','https://www.trackmyhashtag.com',11),(3845,1,'iphone14','https://www.trackmyhashtag.com',11),(3846,1,'iphone14','https://www.trackmyhashtag.com',11),(3847,1,'iphone14','https://www.trackmyhashtag.com',11),(3848,1,'iphone14','https://www.trackmyhashtag.com',11),(3849,1,'iphone14','https://www.trackmyhashtag.com',11),(3850,1,'iphone14','https://www.trackmyhashtag.com',11),(3851,1,'iphone14','https://www.trackmyhashtag.com',11),(3852,1,'iphone14','https://www.trackmyhashtag.com',11),(3853,1,'iphone14','https://www.trackmyhashtag.com',11),(3854,1,'iphone14','https://www.trackmyhashtag.com',11),(3855,1,'iphone14','https://www.trackmyhashtag.com',11),(3856,1,'iphone14','https://www.trackmyhashtag.com',11),(3857,1,'iphone14','https://www.trackmyhashtag.com',11),(3858,1,'iphone14','https://www.trackmyhashtag.com',11),(3859,1,'iphone14','https://www.trackmyhashtag.com',11),(3860,1,'iphone14','https://www.trackmyhashtag.com',11),(3861,1,'iphone14','https://www.trackmyhashtag.com',11),(3862,1,'iphone14','https://www.trackmyhashtag.com',11),(3863,1,'iphone14','https://www.trackmyhashtag.com',11),(3864,1,'iphone14','https://www.trackmyhashtag.com',11),(3865,1,'iphone14','https://www.trackmyhashtag.com',11),(3866,1,'iphone14','https://www.trackmyhashtag.com',11),(3867,1,'iphone14','https://www.trackmyhashtag.com',11),(3868,1,'iphone14','https://www.trackmyhashtag.com',11),(3869,1,'iphone14','https://www.trackmyhashtag.com',11),(3870,1,'iphone14','https://www.trackmyhashtag.com',11),(3871,1,'iphone14','https://www.trackmyhashtag.com',11),(3872,1,'iphone14','https://www.trackmyhashtag.com',11),(3873,1,'iphone14','https://www.trackmyhashtag.com',11),(3874,1,'iphone14','https://www.trackmyhashtag.com',11),(3875,1,'iphone14','https://www.trackmyhashtag.com',11),(3876,1,'iphone14','https://www.trackmyhashtag.com',11),(3877,1,'iphone14','https://www.trackmyhashtag.com',11),(3878,1,'iphone14','https://www.trackmyhashtag.com',11),(3879,1,'iphone14','https://www.trackmyhashtag.com',11),(3880,1,'iphone14','https://www.trackmyhashtag.com',11),(3881,1,'iphone14','https://www.trackmyhashtag.com',11),(3882,1,'iphone14','https://www.trackmyhashtag.com',11),(3883,1,'iphone14','https://www.trackmyhashtag.com',11),(3884,1,'iphone14','https://www.trackmyhashtag.com',11),(3885,1,'iphone14','https://www.trackmyhashtag.com',11),(3886,1,'iphone14','https://www.trackmyhashtag.com',11),(3887,1,'iphone14','https://www.trackmyhashtag.com',11),(3888,1,'iphone14','https://www.trackmyhashtag.com',11),(3889,1,'iphone14','https://www.trackmyhashtag.com',11),(3890,1,'iphone14','https://www.trackmyhashtag.com',11),(3891,1,'iphone14','https://www.trackmyhashtag.com',11),(3892,1,'iphone14','https://www.trackmyhashtag.com',11),(3893,1,'iphone14','https://www.trackmyhashtag.com',11),(3894,1,'iphone14','https://www.trackmyhashtag.com',11),(3895,1,'iphone14','https://www.trackmyhashtag.com',11),(3896,1,'iphone14','https://www.trackmyhashtag.com',11),(3897,1,'iphone14','https://www.trackmyhashtag.com',11),(3898,1,'iphone14','https://www.trackmyhashtag.com',11),(3899,1,'iphone14','https://www.trackmyhashtag.com',11),(3900,1,'iphone14','https://www.trackmyhashtag.com',11),(3901,1,'iphone14','https://www.trackmyhashtag.com',11),(3902,1,'iphone14','https://www.trackmyhashtag.com',11),(3903,1,'iphone14','https://www.trackmyhashtag.com',11),(3904,1,'iphone14','https://www.trackmyhashtag.com',11),(3905,1,'iphone14','https://www.trackmyhashtag.com',11),(3906,1,'iphone14','https://www.trackmyhashtag.com',11),(3907,1,'iphone14','https://www.trackmyhashtag.com',11),(3908,1,'iphone14','https://www.trackmyhashtag.com',11),(3909,1,'iphone14','https://www.trackmyhashtag.com',11),(3910,1,'iphone14','https://www.trackmyhashtag.com',11),(3911,1,'iphone14','https://www.trackmyhashtag.com',11),(3912,1,'iphone14','https://www.trackmyhashtag.com',11),(3913,1,'iphone14','https://www.trackmyhashtag.com',11),(3914,1,'iphone14','https://www.trackmyhashtag.com',11),(3915,1,'iphone14','https://www.trackmyhashtag.com',11),(3916,1,'iphone14','https://www.trackmyhashtag.com',11),(3917,1,'iphone14','https://www.trackmyhashtag.com',11),(3918,1,'iphone14','https://www.trackmyhashtag.com',11),(3919,1,'iphone14','https://www.trackmyhashtag.com',11),(3920,1,'iphone14','https://www.trackmyhashtag.com',11),(3921,1,'iphone14','https://www.trackmyhashtag.com',11),(3922,1,'iphone14','https://www.trackmyhashtag.com',11),(3923,1,'iphone14','https://www.trackmyhashtag.com',11),(3924,1,'iphone14','https://www.trackmyhashtag.com',11),(3925,1,'iphone14','https://www.trackmyhashtag.com',11),(3926,1,'iphone14','https://www.trackmyhashtag.com',11),(3927,1,'iphone14','https://www.trackmyhashtag.com',11),(3928,1,'iphone14','https://www.trackmyhashtag.com',11),(3929,1,'iphone14','https://www.trackmyhashtag.com',11),(3930,1,'iphone14','https://www.trackmyhashtag.com',11),(3931,1,'iphone14','https://www.trackmyhashtag.com',11),(3932,1,'iphone14','https://www.trackmyhashtag.com',11),(3933,1,'iphone14','https://www.trackmyhashtag.com',11),(3934,1,'iphone14','https://www.trackmyhashtag.com',11),(3935,1,'iphone14','https://www.trackmyhashtag.com',11),(3936,1,'iphone14','https://www.trackmyhashtag.com',11),(3937,1,'iphone14','https://www.trackmyhashtag.com',11),(3938,1,'iphone14','https://www.trackmyhashtag.com',11),(3939,1,'iphone14','https://www.trackmyhashtag.com',11),(3940,1,'iphone14','https://www.trackmyhashtag.com',11),(3941,1,'iphone14','https://www.trackmyhashtag.com',11),(3942,1,'iphone14','https://www.trackmyhashtag.com',11),(3943,1,'iphone14','https://www.trackmyhashtag.com',11),(3944,1,'iphone14','https://www.trackmyhashtag.com',11),(3945,1,'iphone14','https://www.trackmyhashtag.com',11),(3946,1,'iphone14','https://www.trackmyhashtag.com',11),(3947,1,'iphone14','https://www.trackmyhashtag.com',11),(3948,1,'iphone14','https://www.trackmyhashtag.com',11),(3949,1,'iphone14','https://www.trackmyhashtag.com',11),(3950,1,'iphone14','https://www.trackmyhashtag.com',11),(3951,1,'iphone14','https://www.trackmyhashtag.com',11),(3952,1,'iphone14','https://www.trackmyhashtag.com',11),(3953,1,'iphone14','https://www.trackmyhashtag.com',11),(3954,1,'iphone14','https://www.trackmyhashtag.com',11),(3955,1,'iphone14','https://www.trackmyhashtag.com',11),(3956,1,'iphone14','https://www.trackmyhashtag.com',11),(3957,1,'iphone14','https://www.trackmyhashtag.com',11),(3958,1,'iphone14','https://www.trackmyhashtag.com',11),(3959,1,'iphone14','https://www.trackmyhashtag.com',11),(3960,1,'iphone14','https://www.trackmyhashtag.com',11),(3961,1,'iphone14','https://www.trackmyhashtag.com',11),(3962,1,'iphone14','https://www.trackmyhashtag.com',11),(3963,1,'iphone14','https://www.trackmyhashtag.com',11),(3964,1,'iphone14','https://www.trackmyhashtag.com',11),(3965,1,'iphone14','https://www.trackmyhashtag.com',11),(3966,1,'iphone14','https://www.trackmyhashtag.com',11),(3967,1,'iphone14','https://www.trackmyhashtag.com',11),(3968,1,'iphone14','https://www.trackmyhashtag.com',11),(3969,1,'iphone14','https://www.trackmyhashtag.com',11),(3970,1,'iphone14','https://www.trackmyhashtag.com',11),(3971,1,'iphone14','https://www.trackmyhashtag.com',11),(3972,1,'iphone14','https://www.trackmyhashtag.com',11),(3973,1,'iphone14','https://www.trackmyhashtag.com',11),(3974,1,'iphone14','https://www.trackmyhashtag.com',11),(3975,1,'iphone14','https://www.trackmyhashtag.com',11),(3976,1,'iphone14','https://www.trackmyhashtag.com',11),(3977,1,'iphone14','https://www.trackmyhashtag.com',11),(3978,1,'iphone14','https://www.trackmyhashtag.com',11),(3979,1,'iphone14','https://www.trackmyhashtag.com',11),(3980,1,'iphone14','https://www.trackmyhashtag.com',11),(3981,1,'iphone14','https://www.trackmyhashtag.com',11),(3982,1,'iphone14','https://www.trackmyhashtag.com',11),(3983,1,'iphone14','https://www.trackmyhashtag.com',11),(3984,1,'iphone14','https://www.trackmyhashtag.com',11),(3985,1,'iphone14','https://www.trackmyhashtag.com',11),(3986,1,'iphone14','https://www.trackmyhashtag.com',11),(3987,1,'iphone14','https://www.trackmyhashtag.com',11),(3988,1,'iphone14','https://www.trackmyhashtag.com',11),(3989,1,'iphone14','https://www.trackmyhashtag.com',11),(3990,1,'iphone14','https://www.trackmyhashtag.com',11),(3991,1,'iphone14','https://www.trackmyhashtag.com',11),(3992,1,'iphone14','https://www.trackmyhashtag.com',11),(3993,1,'iphone14','https://www.trackmyhashtag.com',11),(3994,1,'iphone14','https://www.trackmyhashtag.com',11),(3995,1,'iphone14','https://www.trackmyhashtag.com',11),(3996,1,'iphone14','https://www.trackmyhashtag.com',11),(3997,1,'iphone14','https://www.trackmyhashtag.com',11),(3998,1,'iphone14','https://www.trackmyhashtag.com',11),(3999,1,'iphone14','https://www.trackmyhashtag.com',11),(4000,1,'iphone14','https://www.trackmyhashtag.com',11),(4001,1,'iphone14','https://www.trackmyhashtag.com',11),(4002,1,'iphone14','https://www.trackmyhashtag.com',11),(4003,1,'iphone14','https://www.trackmyhashtag.com',11),(4004,1,'iphone14','https://www.trackmyhashtag.com',11),(4005,1,'iphone14','https://www.trackmyhashtag.com',11),(4006,1,'iphone14','https://www.trackmyhashtag.com',11),(4007,1,'iphone14','https://www.trackmyhashtag.com',11),(4008,1,'iphone14','https://www.trackmyhashtag.com',11),(4009,1,'iphone14','https://www.trackmyhashtag.com',11),(4010,1,'iphone14','https://www.trackmyhashtag.com',11),(4011,1,'iphone14','https://www.trackmyhashtag.com',11),(4012,1,'iphone14','https://www.trackmyhashtag.com',11),(4013,1,'iphone14','https://www.trackmyhashtag.com',11),(4014,1,'iphone14','https://www.trackmyhashtag.com',11),(4015,1,'iphone14','https://www.trackmyhashtag.com',11),(4016,1,'iphone14','https://www.trackmyhashtag.com',11),(4017,1,'iphone14','https://www.trackmyhashtag.com',11),(4018,1,'iphone14','https://www.trackmyhashtag.com',11),(4019,1,'iphone14','https://www.trackmyhashtag.com',11),(4020,1,'iphone14','https://www.trackmyhashtag.com',11),(4021,1,'iphone14','https://www.trackmyhashtag.com',11),(4022,1,'iphone14','https://www.trackmyhashtag.com',11),(4023,1,'iphone14','https://www.trackmyhashtag.com',11),(4024,1,'iphone14','https://www.trackmyhashtag.com',11),(4025,1,'iphone14','https://www.trackmyhashtag.com',11),(4026,1,'iphone14','https://www.trackmyhashtag.com',11),(4027,1,'iphone14','https://www.trackmyhashtag.com',11),(4028,1,'iphone14','https://www.trackmyhashtag.com',11),(4029,1,'iphone14','https://www.trackmyhashtag.com',11),(4030,1,'iphone14','https://www.trackmyhashtag.com',11),(4031,1,'iphone14','https://www.trackmyhashtag.com',11),(4032,1,'iphone14','https://www.trackmyhashtag.com',11),(4033,1,'iphone14','https://www.trackmyhashtag.com',11),(4034,1,'iphone14','https://www.trackmyhashtag.com',11),(4035,1,'iphone14','https://www.trackmyhashtag.com',11),(4036,1,'iphone14','https://www.trackmyhashtag.com',11),(4037,1,'iphone14','https://www.trackmyhashtag.com',11),(4038,1,'iphone14','https://www.trackmyhashtag.com',11),(4039,1,'iphone14','https://www.trackmyhashtag.com',11),(4040,1,'iphone14','https://www.trackmyhashtag.com',11),(4041,1,'iphone14','https://www.trackmyhashtag.com',11),(4042,1,'iphone14','https://www.trackmyhashtag.com',11),(4043,1,'iphone14','https://www.trackmyhashtag.com',11),(4044,1,'iphone14','https://www.trackmyhashtag.com',11),(4045,1,'iphone14','https://www.trackmyhashtag.com',11),(4046,1,'iphone14','https://www.trackmyhashtag.com',11),(4047,1,'iphone14','https://www.trackmyhashtag.com',11),(4048,1,'iphone14','https://www.trackmyhashtag.com',11),(4049,1,'iphone14','https://www.trackmyhashtag.com',11),(4050,1,'iphone14','https://www.trackmyhashtag.com',11),(4051,1,'iphone14','https://www.trackmyhashtag.com',11),(4052,1,'iphone14','https://www.trackmyhashtag.com',11),(4053,1,'iphone14','https://www.trackmyhashtag.com',11),(4054,1,'iphone14','https://www.trackmyhashtag.com',11),(4055,1,'iphone14','https://www.trackmyhashtag.com',11),(4056,1,'iphone14','https://www.trackmyhashtag.com',11),(4057,1,'iphone14','https://www.trackmyhashtag.com',11),(4058,1,'iphone14','https://www.trackmyhashtag.com',11),(4059,1,'iphone14','https://www.trackmyhashtag.com',11),(4060,1,'iphone14','https://www.trackmyhashtag.com',11),(4061,1,'iphone14','https://www.trackmyhashtag.com',11),(4062,1,'iphone14','https://www.trackmyhashtag.com',11),(4063,1,'iphone14','https://www.trackmyhashtag.com',11),(4064,1,'iphone14','https://www.trackmyhashtag.com',11),(4065,1,'iphone14','https://www.trackmyhashtag.com',11),(4066,1,'iphone14','https://www.trackmyhashtag.com',11),(4067,1,'iphone14','https://www.trackmyhashtag.com',11),(4068,1,'iphone14','https://www.trackmyhashtag.com',11),(4069,1,'iphone14','https://www.trackmyhashtag.com',11),(4070,1,'iphone14','https://www.trackmyhashtag.com',11),(4071,1,'iphone14','https://www.trackmyhashtag.com',11),(4072,1,'iphone14','https://www.trackmyhashtag.com',11),(4073,1,'iphone14','https://www.trackmyhashtag.com',11),(4074,1,'iphone14','https://www.trackmyhashtag.com',11),(4075,1,'iphone14','https://www.trackmyhashtag.com',11),(4076,1,'iphone14','https://www.trackmyhashtag.com',11),(4077,1,'iphone14','https://www.trackmyhashtag.com',11),(4078,1,'iphone14','https://www.trackmyhashtag.com',11),(4079,1,'iphone14','https://www.trackmyhashtag.com',11),(4080,1,'iphone14','https://www.trackmyhashtag.com',11),(4081,1,'iphone14','https://www.trackmyhashtag.com',11),(4082,1,'iphone14','https://www.trackmyhashtag.com',11),(4083,1,'iphone14','https://www.trackmyhashtag.com',11),(4084,1,'iphone14','https://www.trackmyhashtag.com',11),(4085,1,'iphone14','https://www.trackmyhashtag.com',11),(4086,1,'iphone14','https://www.trackmyhashtag.com',11),(4087,1,'iphone14','https://www.trackmyhashtag.com',11),(4088,1,'iphone14','https://www.trackmyhashtag.com',11),(4089,1,'iphone14','https://www.trackmyhashtag.com',11),(4090,1,'iphone14','https://www.trackmyhashtag.com',11),(4091,1,'iphone14','https://www.trackmyhashtag.com',11),(4092,1,'iphone14','https://www.trackmyhashtag.com',11),(4093,1,'iphone14','https://www.trackmyhashtag.com',11),(4094,1,'iphone14','https://www.trackmyhashtag.com',11),(4095,1,'iphone14','https://www.trackmyhashtag.com',11),(4096,1,'iphone14','https://www.trackmyhashtag.com',11),(4097,1,'iphone14','https://www.trackmyhashtag.com',11),(4098,1,'iphone14','https://www.trackmyhashtag.com',11),(4099,1,'iphone14','https://www.trackmyhashtag.com',11),(4100,1,'iphone14','https://www.trackmyhashtag.com',11),(4101,1,'iphone14','https://www.trackmyhashtag.com',11),(4102,1,'iphone14','https://www.trackmyhashtag.com',11),(4103,1,'iphone14','https://www.trackmyhashtag.com',11),(4104,1,'iphone14','https://www.trackmyhashtag.com',11),(4105,1,'iphone14','https://www.trackmyhashtag.com',11),(4106,1,'iphone14','https://www.trackmyhashtag.com',11),(4107,1,'iphone14','https://www.trackmyhashtag.com',11),(4108,1,'iphone14','https://www.trackmyhashtag.com',11),(4109,1,'iphone14','https://www.trackmyhashtag.com',11),(4110,1,'iphone14','https://www.trackmyhashtag.com',11),(4111,1,'iphone14','https://www.trackmyhashtag.com',11),(4112,1,'iphone14','https://www.trackmyhashtag.com',11),(4113,1,'iphone14','https://www.trackmyhashtag.com',11),(4114,1,'iphone14','https://www.trackmyhashtag.com',11),(4115,1,'iphone14','https://www.trackmyhashtag.com',11),(4116,1,'iphone14','https://www.trackmyhashtag.com',11),(4117,1,'iphone14','https://www.trackmyhashtag.com',11),(4118,1,'iphone14','https://www.trackmyhashtag.com',11),(4119,1,'iphone14','https://www.trackmyhashtag.com',11),(4120,1,'iphone14','https://www.trackmyhashtag.com',11),(4121,1,'iphone14','https://www.trackmyhashtag.com',11),(4122,1,'iphone14','https://www.trackmyhashtag.com',11),(4123,1,'iphone14','https://www.trackmyhashtag.com',11),(4124,1,'iphone14','https://www.trackmyhashtag.com',11),(4125,1,'iphone14','https://www.trackmyhashtag.com',11),(4126,1,'iphone14','https://www.trackmyhashtag.com',11),(4127,1,'iphone14','https://www.trackmyhashtag.com',11),(4128,1,'iphone14','https://www.trackmyhashtag.com',11),(4129,1,'iphone14','https://www.trackmyhashtag.com',11),(4130,1,'iphone14','https://www.trackmyhashtag.com',11),(4131,1,'iphone14','https://www.trackmyhashtag.com',11),(4132,1,'iphone14','https://www.trackmyhashtag.com',11),(4133,1,'iphone14','https://www.trackmyhashtag.com',11),(4134,1,'iphone14','https://www.trackmyhashtag.com',11),(4135,1,'iphone14','https://www.trackmyhashtag.com',11),(4136,1,'iphone14','https://www.trackmyhashtag.com',11),(4137,1,'iphone14','https://www.trackmyhashtag.com',11),(4138,1,'iphone14','https://www.trackmyhashtag.com',11),(4139,1,'iphone14','https://www.trackmyhashtag.com',11),(4140,1,'iphone14','https://www.trackmyhashtag.com',11),(4141,1,'iphone14','https://www.trackmyhashtag.com',11),(4142,1,'iphone14','https://www.trackmyhashtag.com',11),(4143,1,'iphone14','https://www.trackmyhashtag.com',11),(4144,1,'iphone14','https://www.trackmyhashtag.com',11),(4145,1,'iphone14','https://www.trackmyhashtag.com',11),(4146,1,'iphone14','https://www.trackmyhashtag.com',11),(4147,1,'iphone14','https://www.trackmyhashtag.com',11),(4148,1,'iphone14','https://www.trackmyhashtag.com',11),(4149,1,'iphone14','https://www.trackmyhashtag.com',11),(4150,1,'iphone14','https://www.trackmyhashtag.com',11),(4151,1,'iphone14','https://www.trackmyhashtag.com',11),(4152,1,'iphone14','https://www.trackmyhashtag.com',11),(4153,1,'iphone14','https://www.trackmyhashtag.com',11),(4154,1,'iphone14','https://www.trackmyhashtag.com',11),(4155,1,'iphone14','https://www.trackmyhashtag.com',11),(4156,1,'iphone14','https://www.trackmyhashtag.com',11),(4157,1,'iphone14','https://www.trackmyhashtag.com',11),(4158,1,'iphone14','https://www.trackmyhashtag.com',11),(4159,1,'iphone14','https://www.trackmyhashtag.com',11),(4160,1,'iphone14','https://www.trackmyhashtag.com',11),(4161,1,'iphone14','https://www.trackmyhashtag.com',11),(4162,1,'iphone14','https://www.trackmyhashtag.com',11),(4163,1,'iphone14','https://www.trackmyhashtag.com',11),(4164,1,'iphone14','https://www.trackmyhashtag.com',11),(4165,1,'iphone14','https://www.trackmyhashtag.com',11),(4166,1,'iphone14','https://www.trackmyhashtag.com',11),(4167,1,'iphone14','https://www.trackmyhashtag.com',11),(4168,1,'iphone14','https://www.trackmyhashtag.com',11),(4169,1,'iphone14','https://www.trackmyhashtag.com',11),(4170,1,'iphone14','https://www.trackmyhashtag.com',11),(4171,1,'iphone14','https://www.trackmyhashtag.com',11),(4172,1,'iphone14','https://www.trackmyhashtag.com',11),(4173,1,'iphone','https://www.trackmyhashtag.com',11),(4174,1,'iphone','https://www.trackmyhashtag.com',11),(4175,1,'iphone','https://www.trackmyhashtag.com',11),(4176,1,'iphone','https://www.trackmyhashtag.com',11),(4177,1,'iphone','https://www.trackmyhashtag.com',11),(4178,1,'iphone','https://www.trackmyhashtag.com',11),(4179,1,'iphone','https://www.trackmyhashtag.com',11),(4180,1,'iphone','https://www.trackmyhashtag.com',11),(4181,1,'iphone','https://www.trackmyhashtag.com',11),(4182,1,'iphone','https://www.trackmyhashtag.com',11),(4183,1,'iphone','https://www.trackmyhashtag.com',11),(4184,1,'iphone','https://www.trackmyhashtag.com',11),(4185,1,'iphone','https://www.trackmyhashtag.com',11),(4186,1,'iphone','https://www.trackmyhashtag.com',11),(4187,1,'iphone','https://www.trackmyhashtag.com',11),(4188,1,'iphone','https://www.trackmyhashtag.com',11),(4189,1,'iphone','https://www.trackmyhashtag.com',11),(4190,1,'iphone','https://www.trackmyhashtag.com',11),(4191,1,'iphone','https://www.trackmyhashtag.com',11),(4192,1,'iphone','https://www.trackmyhashtag.com',11),(4193,1,'iphone','https://www.trackmyhashtag.com',11),(4194,1,'iphone','https://www.trackmyhashtag.com',11),(4195,1,'iphone','https://www.trackmyhashtag.com',11),(4196,1,'iphone','https://www.trackmyhashtag.com',11),(4197,1,'iphone','https://www.trackmyhashtag.com',11),(4198,1,'iphone','https://www.trackmyhashtag.com',11),(4199,1,'iphone','https://www.trackmyhashtag.com',11),(4200,1,'iphone','https://www.trackmyhashtag.com',11),(4201,1,'iphone','https://www.trackmyhashtag.com',11),(4202,1,'iphone','https://www.trackmyhashtag.com',11),(4203,1,'iphone','https://www.trackmyhashtag.com',11),(4204,1,'iphone','https://www.trackmyhashtag.com',11),(4205,1,'iphone','https://www.trackmyhashtag.com',11),(4206,1,'iphone','https://www.trackmyhashtag.com',11),(4207,1,'iphone','https://www.trackmyhashtag.com',11),(4208,1,'iphone','https://www.trackmyhashtag.com',11),(4209,1,'iphone','https://www.trackmyhashtag.com',11),(4210,1,'iphone','https://www.trackmyhashtag.com',11),(4211,1,'iphone','https://www.trackmyhashtag.com',11),(4212,1,'iphone','https://www.trackmyhashtag.com',11),(4213,1,'iphone','https://www.trackmyhashtag.com',11),(4214,1,'iphone','https://www.trackmyhashtag.com',11),(4215,1,'iphone','https://www.trackmyhashtag.com',11),(4216,1,'iphone','https://www.trackmyhashtag.com',11),(4217,1,'iphone','https://www.trackmyhashtag.com',11),(4218,1,'iphone','https://www.trackmyhashtag.com',11),(4219,1,'iphone','https://www.trackmyhashtag.com',11),(4220,1,'iphone','https://www.trackmyhashtag.com',11),(4221,1,'iphone','https://www.trackmyhashtag.com',11),(4222,1,'iphone','https://www.trackmyhashtag.com',11),(4223,1,'iphone','https://www.trackmyhashtag.com',11),(4224,1,'iphone','https://www.trackmyhashtag.com',11),(4225,1,'iphone','https://www.trackmyhashtag.com',11),(4226,1,'iphone','https://www.trackmyhashtag.com',11),(4227,1,'iphone','https://www.trackmyhashtag.com',11),(4228,1,'iphone','https://www.trackmyhashtag.com',11),(4229,1,'iphone','https://www.trackmyhashtag.com',11),(4230,1,'iphone','https://www.trackmyhashtag.com',11),(4231,1,'iphone','https://www.trackmyhashtag.com',11),(4232,1,'iphone','https://www.trackmyhashtag.com',11),(4233,1,'iphone','https://www.trackmyhashtag.com',11),(4234,1,'iphone','https://www.trackmyhashtag.com',11),(4235,1,'iphone','https://www.trackmyhashtag.com',11),(4236,1,'iphone','https://www.trackmyhashtag.com',11),(4237,1,'iphone','https://www.trackmyhashtag.com',11),(4238,1,'iphone','https://www.trackmyhashtag.com',11),(4239,1,'iphone','https://www.trackmyhashtag.com',11),(4240,1,'iphone','https://www.trackmyhashtag.com',11),(4241,1,'iphone','https://www.trackmyhashtag.com',11),(4242,1,'iphone','https://www.trackmyhashtag.com',11),(4243,1,'iphone','https://www.trackmyhashtag.com',11),(4244,1,'iphone','https://www.trackmyhashtag.com',11),(4245,1,'iphone','https://www.trackmyhashtag.com',11),(4246,1,'iphone','https://www.trackmyhashtag.com',11),(4247,1,'iphone','https://www.trackmyhashtag.com',11),(4248,1,'iphone','https://www.trackmyhashtag.com',11),(4249,1,'iphone','https://www.trackmyhashtag.com',11),(4250,1,'iphone','https://www.trackmyhashtag.com',11),(4251,1,'iphone','https://www.trackmyhashtag.com',11),(4252,1,'iphone','https://www.trackmyhashtag.com',11),(4253,1,'iphone','https://www.trackmyhashtag.com',11),(4254,1,'iphone','https://www.trackmyhashtag.com',11),(4255,1,'iphone','https://www.trackmyhashtag.com',11),(4256,1,'iphone','https://www.trackmyhashtag.com',11),(4257,1,'iphone','https://www.trackmyhashtag.com',11),(4258,1,'iphone','https://www.trackmyhashtag.com',11),(4259,1,'iphone','https://www.trackmyhashtag.com',11),(4260,1,'iphone','https://www.trackmyhashtag.com',11),(4261,1,'iphone','https://www.trackmyhashtag.com',11),(4262,1,'iphone','https://www.trackmyhashtag.com',11),(4263,1,'iphone','https://www.trackmyhashtag.com',11),(4264,1,'iphone','https://www.trackmyhashtag.com',11),(4265,1,'iphone','https://www.trackmyhashtag.com',11),(4266,1,'iphone','https://www.trackmyhashtag.com',11),(4267,1,'iphone','https://www.trackmyhashtag.com',11),(4268,1,'iphone','https://www.trackmyhashtag.com',11),(4269,1,'iphone','https://www.trackmyhashtag.com',11),(4270,1,'iphone','https://www.trackmyhashtag.com',11),(4271,1,'iphone','https://www.trackmyhashtag.com',11),(4272,1,'iphone','https://www.trackmyhashtag.com',11),(4273,1,'iphone','https://www.trackmyhashtag.com',11),(4274,1,'iphone','https://www.trackmyhashtag.com',11),(4275,1,'iphone','https://www.trackmyhashtag.com',11),(4276,1,'iphone','https://www.trackmyhashtag.com',11),(4277,1,'iphone','https://www.trackmyhashtag.com',11),(4278,1,'iphone','https://www.trackmyhashtag.com',11),(4279,1,'iphone','https://www.trackmyhashtag.com',11),(4280,1,'iphone','https://www.trackmyhashtag.com',11),(4281,1,'iphone','https://www.trackmyhashtag.com',11),(4282,1,'iphone','https://www.trackmyhashtag.com',11),(4283,1,'iphone','https://www.trackmyhashtag.com',11),(4284,1,'iphone','https://www.trackmyhashtag.com',11),(4285,1,'iphone','https://www.trackmyhashtag.com',11),(4286,1,'iphone','https://www.trackmyhashtag.com',11),(4287,1,'iphone','https://www.trackmyhashtag.com',11),(4288,1,'iphone','https://www.trackmyhashtag.com',11),(4289,1,'iphone','https://www.trackmyhashtag.com',11),(4290,1,'iphone','https://www.trackmyhashtag.com',11),(4291,1,'iphone','https://www.trackmyhashtag.com',11),(4292,1,'iphone','https://www.trackmyhashtag.com',11),(4293,1,'iphone','https://www.trackmyhashtag.com',11),(4294,1,'iphone','https://www.trackmyhashtag.com',11),(4295,1,'iphone','https://www.trackmyhashtag.com',11),(4296,1,'iphone','https://www.trackmyhashtag.com',11),(4297,1,'iphone','https://www.trackmyhashtag.com',11),(4298,1,'iphone','https://www.trackmyhashtag.com',11),(4299,1,'iphone','https://www.trackmyhashtag.com',11),(4300,1,'iphone','https://www.trackmyhashtag.com',11),(4301,1,'iphone','https://www.trackmyhashtag.com',11),(4302,1,'iphone','https://www.trackmyhashtag.com',11),(4303,1,'iphone','https://www.trackmyhashtag.com',11),(4304,1,'iphone','https://www.trackmyhashtag.com',11),(4305,1,'iphone','https://www.trackmyhashtag.com',11),(4306,1,'iphone','https://www.trackmyhashtag.com',11),(4307,1,'iphone','https://www.trackmyhashtag.com',11),(4308,1,'iphone','https://www.trackmyhashtag.com',11),(4309,1,'iphone','https://www.trackmyhashtag.com',11),(4310,1,'iphone','https://www.trackmyhashtag.com',11),(4311,1,'iphone','https://www.trackmyhashtag.com',11),(4312,1,'iphone','https://www.trackmyhashtag.com',11),(4313,1,'iphone','https://www.trackmyhashtag.com',11),(4314,1,'iphone','https://www.trackmyhashtag.com',11),(4315,1,'iphone','https://www.trackmyhashtag.com',11),(4316,1,'iphone','https://www.trackmyhashtag.com',11),(4317,1,'iphone','https://www.trackmyhashtag.com',11),(4318,1,'iphone','https://www.trackmyhashtag.com',11),(4319,1,'iphone','https://www.trackmyhashtag.com',11),(4320,1,'iphone','https://www.trackmyhashtag.com',11),(4321,1,'iphone','https://www.trackmyhashtag.com',11),(4322,1,'iphone','https://www.trackmyhashtag.com',11),(4323,1,'iphone','https://www.trackmyhashtag.com',11),(4324,1,'iphone','https://www.trackmyhashtag.com',11),(4325,1,'iphone','https://www.trackmyhashtag.com',11),(4326,1,'iphone','https://www.trackmyhashtag.com',11),(4327,1,'iphone','https://www.trackmyhashtag.com',11),(4328,1,'iphone','https://www.trackmyhashtag.com',11),(4329,1,'iphone','https://www.trackmyhashtag.com',11),(4330,1,'iphone','https://www.trackmyhashtag.com',11),(4331,1,'iphone','https://www.trackmyhashtag.com',11),(4332,1,'iphone','https://www.trackmyhashtag.com',11),(4333,1,'iphone','https://www.trackmyhashtag.com',11),(4334,1,'iphone','https://www.trackmyhashtag.com',11),(4335,1,'iphone','https://www.trackmyhashtag.com',11),(4336,1,'iphone','https://www.trackmyhashtag.com',11),(4337,1,'iphone','https://www.trackmyhashtag.com',11),(4338,1,'iphone','https://www.trackmyhashtag.com',11),(4339,1,'iphone','https://www.trackmyhashtag.com',11),(4340,1,'iphone','https://www.trackmyhashtag.com',11),(4341,1,'iphone','https://www.trackmyhashtag.com',11),(4342,1,'iphone','https://www.trackmyhashtag.com',11),(4343,1,'iphone','https://www.trackmyhashtag.com',11),(4344,1,'iphone','https://www.trackmyhashtag.com',11),(4345,1,'iphone','https://www.trackmyhashtag.com',11),(4346,1,'iphone','https://www.trackmyhashtag.com',11),(4347,1,'iphone','https://www.trackmyhashtag.com',11),(4348,1,'iphone','https://www.trackmyhashtag.com',11),(4349,1,'iphone','https://www.trackmyhashtag.com',11),(4350,1,'iphone','https://www.trackmyhashtag.com',11),(4351,1,'iphone','https://www.trackmyhashtag.com',11),(4352,1,'iphone','https://www.trackmyhashtag.com',11),(4353,1,'iphone','https://www.trackmyhashtag.com',11),(4354,1,'iphone','https://www.trackmyhashtag.com',11),(4355,1,'iphone','https://www.trackmyhashtag.com',11),(4356,1,'iphone','https://www.trackmyhashtag.com',11),(4357,1,'iphone','https://www.trackmyhashtag.com',11),(4358,1,'iphone','https://www.trackmyhashtag.com',11),(4359,1,'iphone','https://www.trackmyhashtag.com',11),(4360,1,'iphone','https://www.trackmyhashtag.com',11),(4361,1,'iphone','https://www.trackmyhashtag.com',11),(4362,1,'iphone','https://www.trackmyhashtag.com',11),(4363,1,'iphone','https://www.trackmyhashtag.com',11),(4364,1,'iphone','https://www.trackmyhashtag.com',11),(4365,1,'iphone','https://www.trackmyhashtag.com',11),(4366,1,'iphone','https://www.trackmyhashtag.com',11),(4367,1,'iphone','https://www.trackmyhashtag.com',11),(4368,1,'iphone','https://www.trackmyhashtag.com',11),(4369,1,'iphone','https://www.trackmyhashtag.com',11),(4370,1,'iphone','https://www.trackmyhashtag.com',11),(4371,1,'iphone','https://www.trackmyhashtag.com',11),(4372,1,'iphone','https://www.trackmyhashtag.com',11),(4373,1,'iphone','https://www.trackmyhashtag.com',11),(4374,1,'iphone','https://www.trackmyhashtag.com',11),(4375,1,'iphone','https://www.trackmyhashtag.com',11),(4376,1,'iphone','https://www.trackmyhashtag.com',11),(4377,1,'iphone','https://www.trackmyhashtag.com',11),(4378,1,'iphone','https://www.trackmyhashtag.com',11),(4379,1,'iphone','https://www.trackmyhashtag.com',11),(4380,1,'iphone','https://www.trackmyhashtag.com',11),(4381,1,'iphone','https://www.trackmyhashtag.com',11),(4382,1,'iphone','https://www.trackmyhashtag.com',11),(4383,1,'iphone','https://www.trackmyhashtag.com',11),(4384,1,'iphone','https://www.trackmyhashtag.com',11),(4385,1,'iphone','https://www.trackmyhashtag.com',11),(4386,1,'iphone','https://www.trackmyhashtag.com',11),(4387,1,'iphone','https://www.trackmyhashtag.com',11),(4388,1,'iphone','https://www.trackmyhashtag.com',11),(4389,1,'iphone','https://www.trackmyhashtag.com',11),(4390,1,'iphone','https://www.trackmyhashtag.com',11),(4391,1,'iphone','https://www.trackmyhashtag.com',11),(4392,1,'iphone','https://www.trackmyhashtag.com',11),(4393,1,'iphone','https://www.trackmyhashtag.com',11),(4394,1,'iphone','https://www.trackmyhashtag.com',11),(4395,1,'iphone','https://www.trackmyhashtag.com',11),(4396,1,'iphone','https://www.trackmyhashtag.com',11),(4397,1,'iphone','https://www.trackmyhashtag.com',11),(4398,1,'iphone','https://www.trackmyhashtag.com',11),(4399,1,'iphone','https://www.trackmyhashtag.com',11),(4400,1,'iphone','https://www.trackmyhashtag.com',11),(4401,1,'iphone','https://www.trackmyhashtag.com',11),(4402,1,'iphone','https://www.trackmyhashtag.com',11),(4403,1,'iphone','https://www.trackmyhashtag.com',11),(4404,1,'iphone','https://www.trackmyhashtag.com',11),(4405,1,'iphone','https://www.trackmyhashtag.com',11),(4406,1,'iphone','https://www.trackmyhashtag.com',11),(4407,1,'iphone','https://www.trackmyhashtag.com',11),(4408,1,'iphone','https://www.trackmyhashtag.com',11),(4409,1,'iphone','https://www.trackmyhashtag.com',11),(4410,1,'iphone','https://www.trackmyhashtag.com',11),(4411,1,'iphone','https://www.trackmyhashtag.com',11),(4412,1,'iphone','https://www.trackmyhashtag.com',11),(4413,1,'iphone','https://www.trackmyhashtag.com',11),(4414,1,'iphone','https://www.trackmyhashtag.com',11),(4415,1,'iphone','https://www.trackmyhashtag.com',11),(4416,1,'iphone','https://www.trackmyhashtag.com',11),(4417,1,'iphone','https://www.trackmyhashtag.com',11),(4418,1,'iphone','https://www.trackmyhashtag.com',11),(4419,1,'iphone','https://www.trackmyhashtag.com',11),(4420,1,'iphone','https://www.trackmyhashtag.com',11),(4421,1,'iphone','https://www.trackmyhashtag.com',11),(4422,1,'iphone','https://www.trackmyhashtag.com',11),(4423,1,'iphone','https://www.trackmyhashtag.com',11),(4424,1,'iphone','https://www.trackmyhashtag.com',11),(4425,1,'iphone','https://www.trackmyhashtag.com',11),(4426,1,'iphone','https://www.trackmyhashtag.com',11),(4427,1,'iphone','https://www.trackmyhashtag.com',11),(4428,1,'iphone','https://www.trackmyhashtag.com',11),(4429,1,'iphone','https://www.trackmyhashtag.com',11),(4430,1,'iphone','https://www.trackmyhashtag.com',11),(4431,1,'iphone','https://www.trackmyhashtag.com',11),(4432,1,'iphone','https://www.trackmyhashtag.com',11),(4433,1,'iphone','https://www.trackmyhashtag.com',11),(4434,1,'iphone','https://www.trackmyhashtag.com',11),(4435,1,'iphone','https://www.trackmyhashtag.com',11),(4436,1,'iphone','https://www.trackmyhashtag.com',11),(4437,1,'iphone','https://www.trackmyhashtag.com',11),(4438,1,'iphone','https://www.trackmyhashtag.com',11),(4439,1,'iphone','https://www.trackmyhashtag.com',11),(4440,1,'iphone','https://www.trackmyhashtag.com',11),(4441,1,'iphone','https://www.trackmyhashtag.com',11),(4442,1,'iphone','https://www.trackmyhashtag.com',11),(4443,1,'iphone','https://www.trackmyhashtag.com',11),(4444,1,'iphone','https://www.trackmyhashtag.com',11),(4445,1,'iphone','https://www.trackmyhashtag.com',11),(4446,1,'iphone','https://www.trackmyhashtag.com',11),(4447,1,'iphone','https://www.trackmyhashtag.com',11),(4448,1,'iphone','https://www.trackmyhashtag.com',11),(4449,1,'iphone','https://www.trackmyhashtag.com',11),(4450,1,'iphone','https://www.trackmyhashtag.com',11),(4451,1,'iphone','https://www.trackmyhashtag.com',11),(4452,1,'iphone','https://www.trackmyhashtag.com',11),(4453,1,'iphone','https://www.trackmyhashtag.com',11),(4454,1,'iphone','https://www.trackmyhashtag.com',11),(4455,1,'iphone','https://www.trackmyhashtag.com',11),(4456,1,'iphone','https://www.trackmyhashtag.com',11),(4457,1,'iphone','https://www.trackmyhashtag.com',11),(4458,1,'iphone','https://www.trackmyhashtag.com',11),(4459,1,'iphone','https://www.trackmyhashtag.com',11),(4460,1,'iphone','https://www.trackmyhashtag.com',11),(4461,1,'iphone','https://www.trackmyhashtag.com',11),(4462,1,'iphone','https://www.trackmyhashtag.com',11),(4463,1,'iphone','https://www.trackmyhashtag.com',11),(4464,1,'iphone','https://www.trackmyhashtag.com',11),(4465,1,'iphone','https://www.trackmyhashtag.com',11),(4466,1,'iphone','https://www.trackmyhashtag.com',11),(4467,1,'iphone','https://www.trackmyhashtag.com',11),(4468,1,'iphone','https://www.trackmyhashtag.com',11),(4469,1,'iphone','https://www.trackmyhashtag.com',11),(4470,1,'iphone','https://www.trackmyhashtag.com',11),(4471,1,'iphone','https://www.trackmyhashtag.com',11),(4472,1,'iphone','https://www.trackmyhashtag.com',11),(4473,1,'iphone','https://www.trackmyhashtag.com',11),(4474,1,'iphone','https://www.trackmyhashtag.com',11),(4475,1,'iphone','https://www.trackmyhashtag.com',11),(4476,1,'iphone','https://www.trackmyhashtag.com',11),(4477,1,'iphone','https://www.trackmyhashtag.com',11),(4478,1,'iphone','https://www.trackmyhashtag.com',11),(4479,1,'iphone','https://www.trackmyhashtag.com',11),(4480,1,'iphone','https://www.trackmyhashtag.com',11),(4481,1,'iphone','https://www.trackmyhashtag.com',11),(4482,1,'iphone','https://www.trackmyhashtag.com',11),(4483,1,'iphone','https://www.trackmyhashtag.com',11),(4484,1,'iphone','https://www.trackmyhashtag.com',11),(4485,1,'iphone','https://www.trackmyhashtag.com',11),(4486,1,'iphone','https://www.trackmyhashtag.com',11),(4487,1,'iphone','https://www.trackmyhashtag.com',11),(4488,1,'iphone','https://www.trackmyhashtag.com',11),(4489,1,'iphone','https://www.trackmyhashtag.com',11),(4490,1,'iphone','https://www.trackmyhashtag.com',11),(4491,1,'iphone','https://www.trackmyhashtag.com',11),(4492,1,'iphone','https://www.trackmyhashtag.com',11),(4493,1,'iphone','https://www.trackmyhashtag.com',11),(4494,1,'iphone','https://www.trackmyhashtag.com',11),(4495,1,'iphone','https://www.trackmyhashtag.com',11),(4496,1,'iphone','https://www.trackmyhashtag.com',11),(4497,1,'iphone','https://www.trackmyhashtag.com',11),(4498,1,'iphone','https://www.trackmyhashtag.com',11),(4499,1,'iphone','https://www.trackmyhashtag.com',11),(4500,1,'iphone','https://www.trackmyhashtag.com',11),(4501,1,'iphone','https://www.trackmyhashtag.com',11),(4502,1,'apple','https://www.trackmyhashtag.com',11),(4503,1,'apple','https://www.trackmyhashtag.com',11),(4504,1,'apple','https://www.trackmyhashtag.com',11),(4505,1,'apple','https://www.trackmyhashtag.com',11),(4506,1,'apple','https://www.trackmyhashtag.com',11),(4507,1,'apple','https://www.trackmyhashtag.com',11),(4508,1,'apple','https://www.trackmyhashtag.com',11),(4509,1,'apple','https://www.trackmyhashtag.com',11),(4510,1,'apple','https://www.trackmyhashtag.com',11),(4511,1,'apple','https://www.trackmyhashtag.com',11),(4512,1,'apple','https://www.trackmyhashtag.com',11),(4513,1,'apple','https://www.trackmyhashtag.com',11),(4514,1,'apple','https://www.trackmyhashtag.com',11),(4515,1,'apple','https://www.trackmyhashtag.com',11),(4516,1,'apple','https://www.trackmyhashtag.com',11),(4517,1,'apple','https://www.trackmyhashtag.com',11),(4518,1,'apple','https://www.trackmyhashtag.com',11),(4519,1,'apple','https://www.trackmyhashtag.com',11),(4520,1,'apple','https://www.trackmyhashtag.com',11),(4521,1,'apple','https://www.trackmyhashtag.com',11),(4522,1,'apple','https://www.trackmyhashtag.com',11),(4523,1,'apple','https://www.trackmyhashtag.com',11),(4524,1,'apple','https://www.trackmyhashtag.com',11),(4525,1,'apple','https://www.trackmyhashtag.com',11),(4526,1,'apple','https://www.trackmyhashtag.com',11),(4527,1,'apple','https://www.trackmyhashtag.com',11),(4528,1,'apple','https://www.trackmyhashtag.com',11),(4529,1,'apple','https://www.trackmyhashtag.com',11),(4530,1,'apple','https://www.trackmyhashtag.com',11),(4531,1,'apple','https://www.trackmyhashtag.com',11),(4532,1,'apple','https://www.trackmyhashtag.com',11),(4533,1,'apple','https://www.trackmyhashtag.com',11),(4534,1,'apple','https://www.trackmyhashtag.com',11),(4535,1,'apple','https://www.trackmyhashtag.com',11),(4536,1,'apple','https://www.trackmyhashtag.com',11),(4537,1,'apple','https://www.trackmyhashtag.com',11),(4538,1,'apple','https://www.trackmyhashtag.com',11),(4539,1,'apple','https://www.trackmyhashtag.com',11),(4540,1,'apple','https://www.trackmyhashtag.com',11),(4541,1,'apple','https://www.trackmyhashtag.com',11),(4542,1,'apple','https://www.trackmyhashtag.com',11),(4543,1,'apple','https://www.trackmyhashtag.com',11),(4544,1,'apple','https://www.trackmyhashtag.com',11),(4545,1,'apple','https://www.trackmyhashtag.com',11),(4546,1,'apple','https://www.trackmyhashtag.com',11),(4547,1,'apple','https://www.trackmyhashtag.com',11),(4548,1,'apple','https://www.trackmyhashtag.com',11),(4549,1,'apple','https://www.trackmyhashtag.com',11),(4550,1,'apple','https://www.trackmyhashtag.com',11),(4551,1,'apple','https://www.trackmyhashtag.com',11),(4552,1,'apple','https://www.trackmyhashtag.com',11),(4553,1,'apple','https://www.trackmyhashtag.com',11),(4554,1,'apple','https://www.trackmyhashtag.com',11),(4555,1,'apple','https://www.trackmyhashtag.com',11),(4556,1,'apple','https://www.trackmyhashtag.com',11),(4557,1,'apple','https://www.trackmyhashtag.com',11),(4558,1,'apple','https://www.trackmyhashtag.com',11),(4559,1,'apple','https://www.trackmyhashtag.com',11),(4560,1,'apple','https://www.trackmyhashtag.com',11),(4561,1,'apple','https://www.trackmyhashtag.com',11),(4562,1,'apple','https://www.trackmyhashtag.com',11),(4563,1,'apple','https://www.trackmyhashtag.com',11),(4564,1,'apple','https://www.trackmyhashtag.com',11),(4565,1,'apple','https://www.trackmyhashtag.com',11),(4566,1,'apple','https://www.trackmyhashtag.com',11),(4567,1,'apple','https://www.trackmyhashtag.com',11),(4568,1,'apple','https://www.trackmyhashtag.com',11),(4569,1,'apple','https://www.trackmyhashtag.com',11),(4570,1,'apple','https://www.trackmyhashtag.com',11),(4571,1,'apple','https://www.trackmyhashtag.com',11),(4572,1,'apple','https://www.trackmyhashtag.com',11),(4573,1,'apple','https://www.trackmyhashtag.com',11),(4574,1,'apple','https://www.trackmyhashtag.com',11),(4575,1,'apple','https://www.trackmyhashtag.com',11),(4576,1,'apple','https://www.trackmyhashtag.com',11),(4577,1,'apple','https://www.trackmyhashtag.com',11),(4578,1,'apple','https://www.trackmyhashtag.com',11),(4579,1,'apple','https://www.trackmyhashtag.com',11),(4580,1,'apple','https://www.trackmyhashtag.com',11),(4581,1,'apple','https://www.trackmyhashtag.com',11),(4582,1,'apple','https://www.trackmyhashtag.com',11),(4583,1,'apple','https://www.trackmyhashtag.com',11),(4584,1,'apple','https://www.trackmyhashtag.com',11),(4585,1,'apple','https://www.trackmyhashtag.com',11),(4586,1,'apple','https://www.trackmyhashtag.com',11),(4587,1,'apple','https://www.trackmyhashtag.com',11),(4588,1,'apple','https://www.trackmyhashtag.com',11),(4589,1,'apple','https://www.trackmyhashtag.com',11),(4590,1,'apple','https://www.trackmyhashtag.com',11),(4591,1,'apple','https://www.trackmyhashtag.com',11),(4592,1,'apple','https://www.trackmyhashtag.com',11),(4593,1,'apple','https://www.trackmyhashtag.com',11),(4594,1,'apple','https://www.trackmyhashtag.com',11),(4595,1,'apple','https://www.trackmyhashtag.com',11),(4596,1,'apple','https://www.trackmyhashtag.com',11),(4597,1,'apple','https://www.trackmyhashtag.com',11),(4598,1,'apple','https://www.trackmyhashtag.com',11),(4599,1,'apple','https://www.trackmyhashtag.com',11),(4600,1,'apple','https://www.trackmyhashtag.com',11),(4601,1,'apple','https://www.trackmyhashtag.com',11),(4602,1,'apple','https://www.trackmyhashtag.com',11),(4603,1,'apple','https://www.trackmyhashtag.com',11),(4604,1,'apple','https://www.trackmyhashtag.com',11),(4605,1,'apple','https://www.trackmyhashtag.com',11),(4606,1,'apple','https://www.trackmyhashtag.com',11),(4607,1,'apple','https://www.trackmyhashtag.com',11),(4608,1,'apple','https://www.trackmyhashtag.com',11),(4609,1,'apple','https://www.trackmyhashtag.com',11),(4610,1,'apple','https://www.trackmyhashtag.com',11),(4611,1,'apple','https://www.trackmyhashtag.com',11),(4612,1,'apple','https://www.trackmyhashtag.com',11),(4613,1,'apple','https://www.trackmyhashtag.com',11),(4614,1,'apple','https://www.trackmyhashtag.com',11),(4615,1,'apple','https://www.trackmyhashtag.com',11),(4616,1,'apple','https://www.trackmyhashtag.com',11),(4617,1,'apple','https://www.trackmyhashtag.com',11),(4618,1,'apple','https://www.trackmyhashtag.com',11),(4619,1,'apple','https://www.trackmyhashtag.com',11),(4620,1,'apple','https://www.trackmyhashtag.com',11),(4621,1,'apple','https://www.trackmyhashtag.com',11),(4622,1,'apple','https://www.trackmyhashtag.com',11),(4623,1,'apple','https://www.trackmyhashtag.com',11),(4624,1,'apple','https://www.trackmyhashtag.com',11),(4625,1,'apple','https://www.trackmyhashtag.com',11),(4626,1,'apple','https://www.trackmyhashtag.com',11),(4627,1,'apple','https://www.trackmyhashtag.com',11),(4628,1,'apple','https://www.trackmyhashtag.com',11),(4629,1,'apple','https://www.trackmyhashtag.com',11),(4630,1,'apple','https://www.trackmyhashtag.com',11),(4631,1,'apple','https://www.trackmyhashtag.com',11),(4632,1,'apple','https://www.trackmyhashtag.com',11),(4633,1,'apple','https://www.trackmyhashtag.com',11),(4634,1,'apple','https://www.trackmyhashtag.com',11),(4635,1,'apple','https://www.trackmyhashtag.com',11),(4636,1,'apple','https://www.trackmyhashtag.com',11),(4637,1,'apple','https://www.trackmyhashtag.com',11),(4638,1,'apple','https://www.trackmyhashtag.com',11),(4639,1,'apple','https://www.trackmyhashtag.com',11),(4640,1,'apple','https://www.trackmyhashtag.com',11),(4641,1,'apple','https://www.trackmyhashtag.com',11),(4642,1,'apple','https://www.trackmyhashtag.com',11),(4643,1,'apple','https://www.trackmyhashtag.com',11),(4644,1,'apple','https://www.trackmyhashtag.com',11),(4645,1,'apple','https://www.trackmyhashtag.com',11),(4646,1,'apple','https://www.trackmyhashtag.com',11),(4647,1,'apple','https://www.trackmyhashtag.com',11),(4648,1,'apple','https://www.trackmyhashtag.com',11),(4649,1,'apple','https://www.trackmyhashtag.com',11),(4650,1,'apple','https://www.trackmyhashtag.com',11),(4651,1,'apple','https://www.trackmyhashtag.com',11),(4652,1,'apple','https://www.trackmyhashtag.com',11),(4653,1,'apple','https://www.trackmyhashtag.com',11),(4654,1,'apple','https://www.trackmyhashtag.com',11),(4655,1,'apple','https://www.trackmyhashtag.com',11),(4656,1,'apple','https://www.trackmyhashtag.com',11),(4657,1,'apple','https://www.trackmyhashtag.com',11),(4658,1,'apple','https://www.trackmyhashtag.com',11),(4659,1,'apple','https://www.trackmyhashtag.com',11),(4660,1,'apple','https://www.trackmyhashtag.com',11),(4661,1,'apple','https://www.trackmyhashtag.com',11),(4662,1,'apple','https://www.trackmyhashtag.com',11),(4663,1,'apple','https://www.trackmyhashtag.com',11),(4664,1,'apple','https://www.trackmyhashtag.com',11),(4665,1,'apple','https://www.trackmyhashtag.com',11),(4666,1,'apple','https://www.trackmyhashtag.com',11),(4667,1,'apple','https://www.trackmyhashtag.com',11),(4668,1,'apple','https://www.trackmyhashtag.com',11),(4669,1,'apple','https://www.trackmyhashtag.com',11),(4670,1,'apple','https://www.trackmyhashtag.com',11),(4671,1,'apple','https://www.trackmyhashtag.com',11),(4672,1,'apple','https://www.trackmyhashtag.com',11),(4673,1,'apple','https://www.trackmyhashtag.com',11),(4674,1,'apple','https://www.trackmyhashtag.com',11),(4675,1,'apple','https://www.trackmyhashtag.com',11),(4676,1,'apple','https://www.trackmyhashtag.com',11),(4677,1,'apple','https://www.trackmyhashtag.com',11),(4678,1,'apple','https://www.trackmyhashtag.com',11),(4679,1,'apple','https://www.trackmyhashtag.com',11),(4680,1,'apple','https://www.trackmyhashtag.com',11),(4681,1,'apple','https://www.trackmyhashtag.com',11),(4682,1,'apple','https://www.trackmyhashtag.com',11),(4683,1,'apple','https://www.trackmyhashtag.com',11),(4684,1,'apple','https://www.trackmyhashtag.com',11),(4685,1,'apple','https://www.trackmyhashtag.com',11),(4686,1,'apple','https://www.trackmyhashtag.com',11),(4687,1,'apple','https://www.trackmyhashtag.com',11),(4688,1,'apple','https://www.trackmyhashtag.com',11),(4689,1,'apple','https://www.trackmyhashtag.com',11),(4690,1,'apple','https://www.trackmyhashtag.com',11),(4691,1,'apple','https://www.trackmyhashtag.com',11),(4692,1,'apple','https://www.trackmyhashtag.com',11),(4693,1,'apple','https://www.trackmyhashtag.com',11),(4694,1,'apple','https://www.trackmyhashtag.com',11),(4695,1,'apple','https://www.trackmyhashtag.com',11),(4696,1,'apple','https://www.trackmyhashtag.com',11),(4697,1,'apple','https://www.trackmyhashtag.com',11),(4698,1,'apple','https://www.trackmyhashtag.com',11),(4699,1,'apple','https://www.trackmyhashtag.com',11),(4700,1,'apple','https://www.trackmyhashtag.com',11),(4701,1,'apple','https://www.trackmyhashtag.com',11),(4702,1,'apple','https://www.trackmyhashtag.com',11),(4703,1,'apple','https://www.trackmyhashtag.com',11),(4704,1,'apple','https://www.trackmyhashtag.com',11),(4705,1,'apple','https://www.trackmyhashtag.com',11),(4706,1,'apple','https://www.trackmyhashtag.com',11),(4707,1,'apple','https://www.trackmyhashtag.com',11),(4708,1,'apple','https://www.trackmyhashtag.com',11),(4709,1,'apple','https://www.trackmyhashtag.com',11),(4710,1,'apple','https://www.trackmyhashtag.com',11),(4711,1,'apple','https://www.trackmyhashtag.com',11),(4712,1,'apple','https://www.trackmyhashtag.com',11),(4713,1,'apple','https://www.trackmyhashtag.com',11),(4714,1,'apple','https://www.trackmyhashtag.com',11),(4715,1,'apple','https://www.trackmyhashtag.com',11),(4716,1,'apple','https://www.trackmyhashtag.com',11),(4717,1,'apple','https://www.trackmyhashtag.com',11),(4718,1,'apple','https://www.trackmyhashtag.com',11),(4719,1,'apple','https://www.trackmyhashtag.com',11),(4720,1,'apple','https://www.trackmyhashtag.com',11),(4721,1,'apple','https://www.trackmyhashtag.com',11),(4722,1,'apple','https://www.trackmyhashtag.com',11),(4723,1,'apple','https://www.trackmyhashtag.com',11),(4724,1,'apple','https://www.trackmyhashtag.com',11),(4725,1,'apple','https://www.trackmyhashtag.com',11),(4726,1,'apple','https://www.trackmyhashtag.com',11),(4727,1,'apple','https://www.trackmyhashtag.com',11),(4728,1,'apple','https://www.trackmyhashtag.com',11),(4729,1,'apple','https://www.trackmyhashtag.com',11),(4730,1,'apple','https://www.trackmyhashtag.com',11),(4731,1,'apple','https://www.trackmyhashtag.com',11),(4732,1,'apple','https://www.trackmyhashtag.com',11),(4733,1,'apple','https://www.trackmyhashtag.com',11),(4734,1,'apple','https://www.trackmyhashtag.com',11),(4735,1,'apple','https://www.trackmyhashtag.com',11),(4736,1,'apple','https://www.trackmyhashtag.com',11),(4737,1,'apple','https://www.trackmyhashtag.com',11),(4738,1,'apple','https://www.trackmyhashtag.com',11),(4739,1,'apple','https://www.trackmyhashtag.com',11),(4740,1,'apple','https://www.trackmyhashtag.com',11),(4741,1,'apple','https://www.trackmyhashtag.com',11),(4742,1,'apple','https://www.trackmyhashtag.com',11),(4743,1,'apple','https://www.trackmyhashtag.com',11),(4744,1,'apple','https://www.trackmyhashtag.com',11),(4745,1,'apple','https://www.trackmyhashtag.com',11),(4746,1,'apple','https://www.trackmyhashtag.com',11),(4747,1,'apple','https://www.trackmyhashtag.com',11),(4748,1,'apple','https://www.trackmyhashtag.com',11),(4749,1,'apple','https://www.trackmyhashtag.com',11),(4750,1,'apple','https://www.trackmyhashtag.com',11),(4751,1,'apple','https://www.trackmyhashtag.com',11),(4752,1,'apple','https://www.trackmyhashtag.com',11),(4753,1,'apple','https://www.trackmyhashtag.com',11),(4754,1,'apple','https://www.trackmyhashtag.com',11),(4755,1,'apple','https://www.trackmyhashtag.com',11),(4756,1,'apple','https://www.trackmyhashtag.com',11),(4757,1,'apple','https://www.trackmyhashtag.com',11),(4758,1,'apple','https://www.trackmyhashtag.com',11),(4759,1,'apple','https://www.trackmyhashtag.com',11),(4760,1,'apple','https://www.trackmyhashtag.com',11),(4761,1,'apple','https://www.trackmyhashtag.com',11),(4762,1,'apple','https://www.trackmyhashtag.com',11),(4763,1,'apple','https://www.trackmyhashtag.com',11),(4764,1,'apple','https://www.trackmyhashtag.com',11),(4765,1,'apple','https://www.trackmyhashtag.com',11),(4766,1,'apple','https://www.trackmyhashtag.com',11),(4767,1,'apple','https://www.trackmyhashtag.com',11),(4768,1,'apple','https://www.trackmyhashtag.com',11),(4769,1,'apple','https://www.trackmyhashtag.com',11),(4770,1,'apple','https://www.trackmyhashtag.com',11),(4771,1,'apple','https://www.trackmyhashtag.com',11),(4772,1,'apple','https://www.trackmyhashtag.com',11),(4773,1,'apple','https://www.trackmyhashtag.com',11),(4774,1,'apple','https://www.trackmyhashtag.com',11),(4775,1,'apple','https://www.trackmyhashtag.com',11),(4776,1,'apple','https://www.trackmyhashtag.com',11),(4777,1,'apple','https://www.trackmyhashtag.com',11),(4778,1,'apple','https://www.trackmyhashtag.com',11),(4779,1,'apple','https://www.trackmyhashtag.com',11),(4780,1,'apple','https://www.trackmyhashtag.com',11),(4781,1,'apple','https://www.trackmyhashtag.com',11),(4782,1,'apple','https://www.trackmyhashtag.com',11),(4783,1,'apple','https://www.trackmyhashtag.com',11),(4784,1,'apple','https://www.trackmyhashtag.com',11),(4785,1,'apple','https://www.trackmyhashtag.com',11),(4786,1,'apple','https://www.trackmyhashtag.com',11),(4787,1,'apple','https://www.trackmyhashtag.com',11),(4788,1,'apple','https://www.trackmyhashtag.com',11),(4789,1,'apple','https://www.trackmyhashtag.com',11),(4790,1,'apple','https://www.trackmyhashtag.com',11),(4791,1,'apple','https://www.trackmyhashtag.com',11),(4792,1,'apple','https://www.trackmyhashtag.com',11),(4793,1,'apple','https://www.trackmyhashtag.com',11),(4794,1,'apple','https://www.trackmyhashtag.com',11),(4795,1,'apple','https://www.trackmyhashtag.com',11),(4796,1,'apple','https://www.trackmyhashtag.com',11),(4797,1,'apple','https://www.trackmyhashtag.com',11),(4798,1,'apple','https://www.trackmyhashtag.com',11),(4799,1,'apple','https://www.trackmyhashtag.com',11),(4800,1,'apple','https://www.trackmyhashtag.com',11),(4801,1,'apple','https://www.trackmyhashtag.com',11),(4802,1,'apple','https://www.trackmyhashtag.com',11),(4803,1,'apple','https://www.trackmyhashtag.com',11),(4804,1,'apple','https://www.trackmyhashtag.com',11),(4805,1,'apple','https://www.trackmyhashtag.com',11),(4806,1,'apple','https://www.trackmyhashtag.com',11),(4807,1,'apple','https://www.trackmyhashtag.com',11),(4808,1,'apple','https://www.trackmyhashtag.com',11),(4809,1,'apple','https://www.trackmyhashtag.com',11),(4810,1,'apple','https://www.trackmyhashtag.com',11),(4811,1,'apple','https://www.trackmyhashtag.com',11),(4812,1,'apple','https://www.trackmyhashtag.com',11),(4813,1,'apple','https://www.trackmyhashtag.com',11),(4814,1,'apple','https://www.trackmyhashtag.com',11),(4815,1,'apple','https://www.trackmyhashtag.com',11),(4816,1,'apple','https://www.trackmyhashtag.com',11),(4817,1,'apple','https://www.trackmyhashtag.com',11),(4818,1,'apple','https://www.trackmyhashtag.com',11),(4819,1,'apple','https://www.trackmyhashtag.com',11),(4820,1,'apple','https://www.trackmyhashtag.com',11),(4821,1,'apple','https://www.trackmyhashtag.com',11),(4822,1,'apple','https://www.trackmyhashtag.com',11),(4823,1,'apple','https://www.trackmyhashtag.com',11),(4824,1,'apple','https://www.trackmyhashtag.com',11),(4825,1,'apple','https://www.trackmyhashtag.com',11),(4826,1,'apple','https://www.trackmyhashtag.com',11),(4827,1,'apple','https://www.trackmyhashtag.com',11),(4828,1,'apple','https://www.trackmyhashtag.com',11),(4829,1,'apple','https://www.trackmyhashtag.com',11),(4830,1,'apple','https://www.trackmyhashtag.com',11),(4831,1,'apple','https://www.trackmyhashtag.com',11),(4832,1,'apple','https://www.trackmyhashtag.com',11),(4833,1,'apple','https://www.trackmyhashtag.com',11),(4834,1,'apple','https://www.trackmyhashtag.com',11),(4835,1,'apple','https://www.trackmyhashtag.com',11),(4836,1,'apple','https://www.trackmyhashtag.com',11),(4837,1,'apple','https://www.trackmyhashtag.com',11),(4838,1,'apple','https://www.trackmyhashtag.com',11),(4839,1,'apple','https://www.trackmyhashtag.com',11),(4840,1,'apple','https://www.trackmyhashtag.com',11),(4841,1,'apple','https://www.trackmyhashtag.com',11),(4842,1,'apple','https://www.trackmyhashtag.com',11),(4843,1,'apple','https://www.trackmyhashtag.com',11),(4844,1,'apple','https://www.trackmyhashtag.com',11),(4845,1,'apple','https://www.trackmyhashtag.com',11),(4846,1,'apple','https://www.trackmyhashtag.com',11),(4847,1,'apple','https://www.trackmyhashtag.com',11),(4848,1,'apple','https://www.trackmyhashtag.com',11),(4849,1,'apple','https://www.trackmyhashtag.com',11),(4850,1,'apple','https://www.trackmyhashtag.com',11),(4851,1,'apple','https://www.trackmyhashtag.com',11),(4852,1,'apple','https://www.trackmyhashtag.com',11),(4853,1,'apple','https://www.trackmyhashtag.com',11),(4854,1,'apple','https://www.trackmyhashtag.com',11),(4855,1,'apple','https://www.trackmyhashtag.com',11),(4856,1,'apple','https://www.trackmyhashtag.com',11),(4857,1,'apple','https://www.trackmyhashtag.com',11),(4858,1,'apple','https://www.trackmyhashtag.com',11),(4859,1,'apple','https://www.trackmyhashtag.com',11),(4860,1,'apple','https://www.trackmyhashtag.com',11),(4861,1,'apple','https://www.trackmyhashtag.com',11),(4862,1,'apple','https://www.trackmyhashtag.com',11),(4863,1,'apple','https://www.trackmyhashtag.com',11),(4864,1,'apple','https://www.trackmyhashtag.com',11),(4865,1,'apple','https://www.trackmyhashtag.com',11),(4866,1,'apple','https://www.trackmyhashtag.com',11),(4867,1,'apple','https://www.trackmyhashtag.com',11),(4868,1,'apple','https://www.trackmyhashtag.com',11),(4869,1,'apple','https://www.trackmyhashtag.com',11),(4870,1,'apple','https://www.trackmyhashtag.com',11),(4871,1,'apple','https://www.trackmyhashtag.com',11),(4872,1,'apple','https://www.trackmyhashtag.com',11),(4873,1,'apple','https://www.trackmyhashtag.com',11),(4874,1,'apple','https://www.trackmyhashtag.com',11),(4875,1,'apple','https://www.trackmyhashtag.com',11),(4876,1,'apple','https://www.trackmyhashtag.com',11),(4877,1,'apple','https://www.trackmyhashtag.com',11),(4878,1,'apple','https://www.trackmyhashtag.com',11),(4879,1,'apple','https://www.trackmyhashtag.com',11),(4880,1,'apple','https://www.trackmyhashtag.com',11),(4881,1,'apple','https://www.trackmyhashtag.com',11),(4882,1,'apple','https://www.trackmyhashtag.com',11),(4883,1,'apple','https://www.trackmyhashtag.com',11),(4884,1,'apple','https://www.trackmyhashtag.com',11),(4885,1,'apple','https://www.trackmyhashtag.com',11),(4886,1,'apple','https://www.trackmyhashtag.com',11),(4887,1,'apple','https://www.trackmyhashtag.com',11),(4888,1,'apple','https://www.trackmyhashtag.com',11),(4889,1,'apple','https://www.trackmyhashtag.com',11),(4890,1,'apple','https://www.trackmyhashtag.com',11),(4891,1,'apple','https://www.trackmyhashtag.com',11),(4892,1,'apple','https://www.trackmyhashtag.com',11),(4893,1,'apple','https://www.trackmyhashtag.com',11),(4894,1,'apple','https://www.trackmyhashtag.com',11),(4895,1,'apple','https://www.trackmyhashtag.com',11),(4896,1,'apple','https://www.trackmyhashtag.com',11),(4897,1,'ios','https://www.trackmyhashtag.com',11),(4898,1,'ios','https://www.trackmyhashtag.com',11),(4899,1,'ios','https://www.trackmyhashtag.com',11),(4900,1,'ios','https://www.trackmyhashtag.com',11),(4901,1,'ios','https://www.trackmyhashtag.com',11),(4902,1,'ios','https://www.trackmyhashtag.com',11),(4903,1,'ios','https://www.trackmyhashtag.com',11),(4904,1,'ios','https://www.trackmyhashtag.com',11),(4905,1,'ios','https://www.trackmyhashtag.com',11),(4906,1,'ios','https://www.trackmyhashtag.com',11),(4907,1,'ios','https://www.trackmyhashtag.com',11),(4908,1,'ios','https://www.trackmyhashtag.com',11),(4909,1,'ios','https://www.trackmyhashtag.com',11),(4910,1,'ios','https://www.trackmyhashtag.com',11),(4911,1,'ios','https://www.trackmyhashtag.com',11),(4912,1,'ios','https://www.trackmyhashtag.com',11),(4913,1,'ios','https://www.trackmyhashtag.com',11),(4914,1,'ios','https://www.trackmyhashtag.com',11),(4915,1,'ios','https://www.trackmyhashtag.com',11),(4916,1,'ios','https://www.trackmyhashtag.com',11),(4917,1,'ios','https://www.trackmyhashtag.com',11),(4918,1,'ios','https://www.trackmyhashtag.com',11),(4919,1,'ios','https://www.trackmyhashtag.com',11),(4920,1,'ios','https://www.trackmyhashtag.com',11),(4921,1,'ios','https://www.trackmyhashtag.com',11),(4922,1,'ios','https://www.trackmyhashtag.com',11),(4923,1,'ios','https://www.trackmyhashtag.com',11),(4924,1,'ios','https://www.trackmyhashtag.com',11),(4925,1,'ios','https://www.trackmyhashtag.com',11),(4926,1,'ios','https://www.trackmyhashtag.com',11),(4927,1,'ios','https://www.trackmyhashtag.com',11),(4928,1,'ios','https://www.trackmyhashtag.com',11),(4929,1,'ios','https://www.trackmyhashtag.com',11),(4930,1,'ios','https://www.trackmyhashtag.com',11),(4931,1,'ios','https://www.trackmyhashtag.com',11),(4932,1,'ios','https://www.trackmyhashtag.com',11),(4933,1,'ios','https://www.trackmyhashtag.com',11),(4934,1,'ios','https://www.trackmyhashtag.com',11),(4935,1,'ios','https://www.trackmyhashtag.com',11),(4936,1,'ios','https://www.trackmyhashtag.com',11),(4937,1,'ios','https://www.trackmyhashtag.com',11),(4938,1,'ios','https://www.trackmyhashtag.com',11),(4939,1,'ios','https://www.trackmyhashtag.com',11),(4940,1,'ios','https://www.trackmyhashtag.com',11),(4941,1,'ios','https://www.trackmyhashtag.com',11),(4942,1,'ios','https://www.trackmyhashtag.com',11),(4943,1,'ios','https://www.trackmyhashtag.com',11),(4944,1,'ios','https://www.trackmyhashtag.com',11),(4945,1,'ios','https://www.trackmyhashtag.com',11),(4946,1,'ios','https://www.trackmyhashtag.com',11),(4947,1,'ios','https://www.trackmyhashtag.com',11),(4948,1,'ios','https://www.trackmyhashtag.com',11),(4949,1,'ios','https://www.trackmyhashtag.com',11),(4950,1,'ios','https://www.trackmyhashtag.com',11),(4951,1,'ios','https://www.trackmyhashtag.com',11),(4952,1,'ios','https://www.trackmyhashtag.com',11),(4953,1,'ios','https://www.trackmyhashtag.com',11),(4954,1,'ios','https://www.trackmyhashtag.com',11),(4955,1,'ios','https://www.trackmyhashtag.com',11),(4956,1,'ios','https://www.trackmyhashtag.com',11),(4957,1,'ios','https://www.trackmyhashtag.com',11),(4958,1,'ios','https://www.trackmyhashtag.com',11),(4959,1,'ios','https://www.trackmyhashtag.com',11),(4960,1,'ios','https://www.trackmyhashtag.com',11),(4961,1,'ios','https://www.trackmyhashtag.com',11),(4962,1,'ios','https://www.trackmyhashtag.com',11),(4963,1,'ios','https://www.trackmyhashtag.com',11),(4964,1,'ios','https://www.trackmyhashtag.com',11),(4965,1,'ios','https://www.trackmyhashtag.com',11),(4966,1,'ios','https://www.trackmyhashtag.com',11),(4967,1,'ios','https://www.trackmyhashtag.com',11),(4968,1,'ios','https://www.trackmyhashtag.com',11),(4969,1,'ios','https://www.trackmyhashtag.com',11),(4970,1,'ios','https://www.trackmyhashtag.com',11),(4971,1,'ios','https://www.trackmyhashtag.com',11),(4972,1,'ios','https://www.trackmyhashtag.com',11),(4973,1,'ios','https://www.trackmyhashtag.com',11),(4974,1,'ios','https://www.trackmyhashtag.com',11),(4975,1,'ios','https://www.trackmyhashtag.com',11),(4976,1,'ios','https://www.trackmyhashtag.com',11),(4977,1,'ios','https://www.trackmyhashtag.com',11),(4978,1,'ios','https://www.trackmyhashtag.com',11),(4979,1,'ios','https://www.trackmyhashtag.com',11),(4980,1,'ios','https://www.trackmyhashtag.com',11),(4981,1,'ios','https://www.trackmyhashtag.com',11),(4982,1,'ios','https://www.trackmyhashtag.com',11),(4983,1,'ios','https://www.trackmyhashtag.com',11),(4984,1,'ios','https://www.trackmyhashtag.com',11),(4985,1,'ios','https://www.trackmyhashtag.com',11),(4986,1,'ios','https://www.trackmyhashtag.com',11),(4987,1,'ios','https://www.trackmyhashtag.com',11),(4988,1,'ios','https://www.trackmyhashtag.com',11),(4989,1,'ios','https://www.trackmyhashtag.com',11),(4990,1,'ios','https://www.trackmyhashtag.com',11),(4991,1,'ios','https://www.trackmyhashtag.com',11),(4992,1,'ios','https://www.trackmyhashtag.com',11),(4993,1,'ios','https://www.trackmyhashtag.com',11),(4994,1,'ios','https://www.trackmyhashtag.com',11),(4995,1,'ios','https://www.trackmyhashtag.com',11),(4996,1,'ios','https://www.trackmyhashtag.com',11),(4997,1,'ios','https://www.trackmyhashtag.com',11),(4998,1,'ios','https://www.trackmyhashtag.com',11),(4999,1,'ios','https://www.trackmyhashtag.com',11),(5000,1,'ios','https://www.trackmyhashtag.com',11),(5001,1,'ios','https://www.trackmyhashtag.com',11),(5002,1,'ios','https://www.trackmyhashtag.com',11),(5003,1,'ios','https://www.trackmyhashtag.com',11),(5004,1,'ios','https://www.trackmyhashtag.com',11),(5005,1,'ios','https://www.trackmyhashtag.com',11),(5006,1,'ios','https://www.trackmyhashtag.com',11),(5007,1,'ios','https://www.trackmyhashtag.com',11),(5008,1,'ios','https://www.trackmyhashtag.com',11),(5009,1,'ios','https://www.trackmyhashtag.com',11),(5010,1,'ios','https://www.trackmyhashtag.com',11),(5011,1,'ios','https://www.trackmyhashtag.com',11),(5012,1,'ios','https://www.trackmyhashtag.com',11),(5013,1,'ios','https://www.trackmyhashtag.com',11),(5014,1,'ios','https://www.trackmyhashtag.com',11),(5015,1,'ios','https://www.trackmyhashtag.com',11),(5016,1,'ios','https://www.trackmyhashtag.com',11),(5017,1,'ios','https://www.trackmyhashtag.com',11),(5018,1,'ios','https://www.trackmyhashtag.com',11),(5019,1,'ios','https://www.trackmyhashtag.com',11),(5020,1,'ios','https://www.trackmyhashtag.com',11),(5021,1,'ios','https://www.trackmyhashtag.com',11),(5022,1,'ios','https://www.trackmyhashtag.com',11),(5023,1,'ios','https://www.trackmyhashtag.com',11),(5024,1,'ios','https://www.trackmyhashtag.com',11),(5025,1,'ios','https://www.trackmyhashtag.com',11),(5026,1,'ios','https://www.trackmyhashtag.com',11),(5027,1,'ios','https://www.trackmyhashtag.com',11),(5028,1,'ios','https://www.trackmyhashtag.com',11),(5029,1,'ios','https://www.trackmyhashtag.com',11),(5030,1,'ios','https://www.trackmyhashtag.com',11),(5031,1,'ios','https://www.trackmyhashtag.com',11),(5032,1,'ios','https://www.trackmyhashtag.com',11),(5033,1,'ios','https://www.trackmyhashtag.com',11),(5034,1,'ios','https://www.trackmyhashtag.com',11),(5035,1,'ios','https://www.trackmyhashtag.com',11),(5036,1,'ios','https://www.trackmyhashtag.com',11),(5037,1,'ios','https://www.trackmyhashtag.com',11),(5038,1,'ios','https://www.trackmyhashtag.com',11),(5039,1,'ios','https://www.trackmyhashtag.com',11),(5040,1,'ios','https://www.trackmyhashtag.com',11),(5041,1,'ios','https://www.trackmyhashtag.com',11),(5042,1,'ios','https://www.trackmyhashtag.com',11),(5043,1,'ios','https://www.trackmyhashtag.com',11),(5044,1,'ios','https://www.trackmyhashtag.com',11),(5045,1,'ios','https://www.trackmyhashtag.com',11),(5046,1,'ios','https://www.trackmyhashtag.com',11),(5047,1,'ios','https://www.trackmyhashtag.com',11),(5048,1,'ios','https://www.trackmyhashtag.com',11),(5049,1,'ios','https://www.trackmyhashtag.com',11),(5050,1,'ios','https://www.trackmyhashtag.com',11),(5051,1,'ios','https://www.trackmyhashtag.com',11),(5052,1,'ios','https://www.trackmyhashtag.com',11),(5053,1,'ios','https://www.trackmyhashtag.com',11),(5054,1,'ios','https://www.trackmyhashtag.com',11),(5055,1,'ios','https://www.trackmyhashtag.com',11),(5056,1,'ios','https://www.trackmyhashtag.com',11),(5057,1,'ios','https://www.trackmyhashtag.com',11),(5058,1,'ios','https://www.trackmyhashtag.com',11),(5059,1,'ios','https://www.trackmyhashtag.com',11),(5060,1,'ios','https://www.trackmyhashtag.com',11),(5061,1,'ios','https://www.trackmyhashtag.com',11),(5062,1,'ios','https://www.trackmyhashtag.com',11),(5063,1,'ios','https://www.trackmyhashtag.com',11),(5064,1,'ios','https://www.trackmyhashtag.com',11),(5065,1,'ios','https://www.trackmyhashtag.com',11),(5066,1,'ios','https://www.trackmyhashtag.com',11),(5067,1,'ios','https://www.trackmyhashtag.com',11),(5068,1,'ios','https://www.trackmyhashtag.com',11),(5069,1,'ios','https://www.trackmyhashtag.com',11),(5070,1,'ios','https://www.trackmyhashtag.com',11),(5071,1,'ios','https://www.trackmyhashtag.com',11),(5072,1,'ios','https://www.trackmyhashtag.com',11),(5073,1,'ios','https://www.trackmyhashtag.com',11),(5074,1,'ios','https://www.trackmyhashtag.com',11),(5075,1,'ios','https://www.trackmyhashtag.com',11),(5076,1,'ios','https://www.trackmyhashtag.com',11),(5077,1,'ios','https://www.trackmyhashtag.com',11),(5078,1,'ios','https://www.trackmyhashtag.com',11),(5079,1,'ios','https://www.trackmyhashtag.com',11),(5080,1,'ios','https://www.trackmyhashtag.com',11),(5081,1,'ios','https://www.trackmyhashtag.com',11),(5082,1,'ios','https://www.trackmyhashtag.com',11),(5083,1,'ios','https://www.trackmyhashtag.com',11),(5084,1,'ios','https://www.trackmyhashtag.com',11),(5085,1,'ios','https://www.trackmyhashtag.com',11),(5086,1,'ios','https://www.trackmyhashtag.com',11),(5087,1,'ios','https://www.trackmyhashtag.com',11),(5088,1,'ios','https://www.trackmyhashtag.com',11),(5089,1,'ios','https://www.trackmyhashtag.com',11),(5090,1,'ios','https://www.trackmyhashtag.com',11),(5091,1,'ios','https://www.trackmyhashtag.com',11),(5092,1,'ios','https://www.trackmyhashtag.com',11),(5093,1,'ios','https://www.trackmyhashtag.com',11),(5094,1,'ios','https://www.trackmyhashtag.com',11),(5095,1,'ios','https://www.trackmyhashtag.com',11),(5096,1,'ios','https://www.trackmyhashtag.com',11),(5097,1,'ios','https://www.trackmyhashtag.com',11),(5098,1,'ios','https://www.trackmyhashtag.com',11),(5099,1,'ios','https://www.trackmyhashtag.com',11),(5100,1,'ios','https://www.trackmyhashtag.com',11),(5101,1,'ios','https://www.trackmyhashtag.com',11),(5102,1,'ios','https://www.trackmyhashtag.com',11),(5103,1,'ios','https://www.trackmyhashtag.com',11),(5104,1,'ios','https://www.trackmyhashtag.com',11),(5105,1,'ios','https://www.trackmyhashtag.com',11),(5106,1,'ios','https://www.trackmyhashtag.com',11),(5107,1,'ios','https://www.trackmyhashtag.com',11),(5108,1,'ios','https://www.trackmyhashtag.com',11),(5109,1,'ios','https://www.trackmyhashtag.com',11),(5110,1,'ios','https://www.trackmyhashtag.com',11),(5111,1,'ios','https://www.trackmyhashtag.com',11),(5112,1,'ios','https://www.trackmyhashtag.com',11),(5113,1,'ios','https://www.trackmyhashtag.com',11),(5114,1,'ios','https://www.trackmyhashtag.com',11),(5115,1,'ios','https://www.trackmyhashtag.com',11),(5116,1,'ios','https://www.trackmyhashtag.com',11),(5117,1,'ios','https://www.trackmyhashtag.com',11),(5118,1,'ios','https://www.trackmyhashtag.com',11),(5119,1,'ios','https://www.trackmyhashtag.com',11),(5120,1,'ios','https://www.trackmyhashtag.com',11),(5121,1,'ios','https://www.trackmyhashtag.com',11),(5122,1,'ios','https://www.trackmyhashtag.com',11),(5123,1,'ios','https://www.trackmyhashtag.com',11),(5124,1,'ios','https://www.trackmyhashtag.com',11),(5125,1,'ios','https://www.trackmyhashtag.com',11),(5126,1,'ios','https://www.trackmyhashtag.com',11),(5127,1,'ios','https://www.trackmyhashtag.com',11),(5128,1,'ios','https://www.trackmyhashtag.com',11),(5129,1,'ios','https://www.trackmyhashtag.com',11),(5130,1,'ios','https://www.trackmyhashtag.com',11),(5131,1,'ios','https://www.trackmyhashtag.com',11),(5132,1,'ios','https://www.trackmyhashtag.com',11),(5133,1,'ios','https://www.trackmyhashtag.com',11),(5134,1,'ios','https://www.trackmyhashtag.com',11),(5135,1,'ios','https://www.trackmyhashtag.com',11),(5136,1,'ios','https://www.trackmyhashtag.com',11),(5137,1,'ios','https://www.trackmyhashtag.com',11),(5138,1,'ios','https://www.trackmyhashtag.com',11),(5139,1,'ios','https://www.trackmyhashtag.com',11),(5140,1,'ios','https://www.trackmyhashtag.com',11),(5141,1,'ios','https://www.trackmyhashtag.com',11),(5142,1,'ios','https://www.trackmyhashtag.com',11),(5143,1,'ios','https://www.trackmyhashtag.com',11),(5144,1,'ios','https://www.trackmyhashtag.com',11),(5145,1,'ios','https://www.trackmyhashtag.com',11),(5146,1,'ios','https://www.trackmyhashtag.com',11),(5147,1,'ios','https://www.trackmyhashtag.com',11),(5148,1,'ios','https://www.trackmyhashtag.com',11),(5149,1,'ios','https://www.trackmyhashtag.com',11),(5150,1,'ios','https://www.trackmyhashtag.com',11),(5151,1,'ios','https://www.trackmyhashtag.com',11),(5152,1,'ios','https://www.trackmyhashtag.com',11),(5153,1,'ios','https://www.trackmyhashtag.com',11),(5154,1,'ios','https://www.trackmyhashtag.com',11),(5155,1,'ios','https://www.trackmyhashtag.com',11),(5156,1,'ios','https://www.trackmyhashtag.com',11),(5157,1,'ios','https://www.trackmyhashtag.com',11),(5158,1,'ios','https://www.trackmyhashtag.com',11),(5159,1,'ios','https://www.trackmyhashtag.com',11),(5160,1,'applewatch','https://www.trackmyhashtag.com',11),(5161,1,'applewatch','https://www.trackmyhashtag.com',11),(5162,1,'applewatch','https://www.trackmyhashtag.com',11),(5163,1,'applewatch','https://www.trackmyhashtag.com',11),(5164,1,'applewatch','https://www.trackmyhashtag.com',11),(5165,1,'applewatch','https://www.trackmyhashtag.com',11),(5166,1,'applewatch','https://www.trackmyhashtag.com',11),(5167,1,'applewatch','https://www.trackmyhashtag.com',11),(5168,1,'applewatch','https://www.trackmyhashtag.com',11),(5169,1,'applewatch','https://www.trackmyhashtag.com',11),(5170,1,'applewatch','https://www.trackmyhashtag.com',11),(5171,1,'applewatch','https://www.trackmyhashtag.com',11),(5172,1,'applewatch','https://www.trackmyhashtag.com',11),(5173,1,'applewatch','https://www.trackmyhashtag.com',11),(5174,1,'applewatch','https://www.trackmyhashtag.com',11),(5175,1,'applewatch','https://www.trackmyhashtag.com',11),(5176,1,'applewatch','https://www.trackmyhashtag.com',11),(5177,1,'applewatch','https://www.trackmyhashtag.com',11),(5178,1,'applewatch','https://www.trackmyhashtag.com',11),(5179,1,'applewatch','https://www.trackmyhashtag.com',11),(5180,1,'applewatch','https://www.trackmyhashtag.com',11),(5181,1,'applewatch','https://www.trackmyhashtag.com',11),(5182,1,'applewatch','https://www.trackmyhashtag.com',11),(5183,1,'applewatch','https://www.trackmyhashtag.com',11),(5184,1,'applewatch','https://www.trackmyhashtag.com',11),(5185,1,'applewatch','https://www.trackmyhashtag.com',11),(5186,1,'applewatch','https://www.trackmyhashtag.com',11),(5187,1,'applewatch','https://www.trackmyhashtag.com',11),(5188,1,'applewatch','https://www.trackmyhashtag.com',11),(5189,1,'applewatch','https://www.trackmyhashtag.com',11),(5190,1,'applewatch','https://www.trackmyhashtag.com',11),(5191,1,'applewatch','https://www.trackmyhashtag.com',11),(5192,1,'applewatch','https://www.trackmyhashtag.com',11),(5193,1,'applewatch','https://www.trackmyhashtag.com',11),(5194,1,'applewatch','https://www.trackmyhashtag.com',11),(5195,1,'applewatch','https://www.trackmyhashtag.com',11),(5196,1,'applewatch','https://www.trackmyhashtag.com',11),(5197,1,'applewatch','https://www.trackmyhashtag.com',11),(5198,1,'applewatch','https://www.trackmyhashtag.com',11),(5199,1,'applewatch','https://www.trackmyhashtag.com',11),(5200,1,'applewatch','https://www.trackmyhashtag.com',11),(5201,1,'applewatch','https://www.trackmyhashtag.com',11),(5202,1,'applewatch','https://www.trackmyhashtag.com',11),(5203,1,'applewatch','https://www.trackmyhashtag.com',11),(5204,1,'applewatch','https://www.trackmyhashtag.com',11),(5205,1,'applewatch','https://www.trackmyhashtag.com',11),(5206,1,'applewatch','https://www.trackmyhashtag.com',11),(5207,1,'applewatch','https://www.trackmyhashtag.com',11),(5208,1,'applewatch','https://www.trackmyhashtag.com',11),(5209,1,'applewatch','https://www.trackmyhashtag.com',11),(5210,1,'applewatch','https://www.trackmyhashtag.com',11),(5211,1,'applewatch','https://www.trackmyhashtag.com',11),(5212,1,'applewatch','https://www.trackmyhashtag.com',11),(5213,1,'applewatch','https://www.trackmyhashtag.com',11),(5214,1,'applewatch','https://www.trackmyhashtag.com',11),(5215,1,'applewatch','https://www.trackmyhashtag.com',11),(5216,1,'applewatch','https://www.trackmyhashtag.com',11),(5217,1,'applewatch','https://www.trackmyhashtag.com',11),(5218,1,'applewatch','https://www.trackmyhashtag.com',11),(5219,1,'applewatch','https://www.trackmyhashtag.com',11),(5220,1,'applewatch','https://www.trackmyhashtag.com',11),(5221,1,'applewatch','https://www.trackmyhashtag.com',11),(5222,1,'applewatch','https://www.trackmyhashtag.com',11),(5223,1,'applewatch','https://www.trackmyhashtag.com',11),(5224,1,'applewatch','https://www.trackmyhashtag.com',11),(5225,1,'applewatch','https://www.trackmyhashtag.com',11),(5226,1,'applewatch','https://www.trackmyhashtag.com',11),(5227,1,'applewatch','https://www.trackmyhashtag.com',11),(5228,1,'applewatch','https://www.trackmyhashtag.com',11),(5229,1,'applewatch','https://www.trackmyhashtag.com',11),(5230,1,'applewatch','https://www.trackmyhashtag.com',11),(5231,1,'applewatch','https://www.trackmyhashtag.com',11),(5232,1,'applewatch','https://www.trackmyhashtag.com',11),(5233,1,'applewatch','https://www.trackmyhashtag.com',11),(5234,1,'applewatch','https://www.trackmyhashtag.com',11),(5235,1,'applewatch','https://www.trackmyhashtag.com',11),(5236,1,'applewatch','https://www.trackmyhashtag.com',11),(5237,1,'applewatch','https://www.trackmyhashtag.com',11),(5238,1,'applewatch','https://www.trackmyhashtag.com',11),(5239,1,'applewatch','https://www.trackmyhashtag.com',11),(5240,1,'applewatch','https://www.trackmyhashtag.com',11),(5241,1,'applewatch','https://www.trackmyhashtag.com',11),(5242,1,'applewatch','https://www.trackmyhashtag.com',11),(5243,1,'applewatch','https://www.trackmyhashtag.com',11),(5244,1,'applewatch','https://www.trackmyhashtag.com',11),(5245,1,'applewatch','https://www.trackmyhashtag.com',11),(5246,1,'applewatch','https://www.trackmyhashtag.com',11),(5247,1,'applewatch','https://www.trackmyhashtag.com',11),(5248,1,'applewatch','https://www.trackmyhashtag.com',11),(5249,1,'applewatch','https://www.trackmyhashtag.com',11),(5250,1,'applewatch','https://www.trackmyhashtag.com',11),(5251,1,'applewatch','https://www.trackmyhashtag.com',11),(5252,1,'applewatch','https://www.trackmyhashtag.com',11),(5253,1,'applewatch','https://www.trackmyhashtag.com',11),(5254,1,'applewatch','https://www.trackmyhashtag.com',11),(5255,1,'applewatch','https://www.trackmyhashtag.com',11),(5256,1,'applewatch','https://www.trackmyhashtag.com',11),(5257,1,'applewatch','https://www.trackmyhashtag.com',11),(5258,1,'applewatch','https://www.trackmyhashtag.com',11),(5259,1,'applewatch','https://www.trackmyhashtag.com',11),(5260,1,'applewatch','https://www.trackmyhashtag.com',11),(5261,1,'applewatch','https://www.trackmyhashtag.com',11),(5262,1,'applewatch','https://www.trackmyhashtag.com',11),(5263,1,'applewatch','https://www.trackmyhashtag.com',11),(5264,1,'applewatch','https://www.trackmyhashtag.com',11),(5265,1,'applewatch','https://www.trackmyhashtag.com',11),(5266,1,'applewatch','https://www.trackmyhashtag.com',11),(5267,1,'applewatch','https://www.trackmyhashtag.com',11),(5268,1,'applewatch','https://www.trackmyhashtag.com',11),(5269,1,'applewatch','https://www.trackmyhashtag.com',11),(5270,1,'applewatch','https://www.trackmyhashtag.com',11),(5271,1,'applewatch','https://www.trackmyhashtag.com',11),(5272,1,'applewatch','https://www.trackmyhashtag.com',11),(5273,1,'applewatch','https://www.trackmyhashtag.com',11),(5274,1,'applewatch','https://www.trackmyhashtag.com',11),(5275,1,'applewatch','https://www.trackmyhashtag.com',11),(5276,1,'applewatch','https://www.trackmyhashtag.com',11),(5277,1,'applewatch','https://www.trackmyhashtag.com',11),(5278,1,'applewatch','https://www.trackmyhashtag.com',11),(5279,1,'applewatch','https://www.trackmyhashtag.com',11),(5280,1,'applewatch','https://www.trackmyhashtag.com',11),(5281,1,'applewatch','https://www.trackmyhashtag.com',11),(5282,1,'applewatch','https://www.trackmyhashtag.com',11),(5283,1,'applewatch','https://www.trackmyhashtag.com',11),(5284,1,'applewatch','https://www.trackmyhashtag.com',11),(5285,1,'applewatch','https://www.trackmyhashtag.com',11),(5286,1,'applewatch','https://www.trackmyhashtag.com',11),(5287,1,'applewatch','https://www.trackmyhashtag.com',11),(5288,1,'applewatch','https://www.trackmyhashtag.com',11),(5289,1,'applewatch','https://www.trackmyhashtag.com',11),(5290,1,'applewatch','https://www.trackmyhashtag.com',11),(5291,1,'applewatch','https://www.trackmyhashtag.com',11),(5292,1,'applewatch','https://www.trackmyhashtag.com',11),(5293,1,'applewatch','https://www.trackmyhashtag.com',11),(5294,1,'applewatch','https://www.trackmyhashtag.com',11),(5295,1,'applewatch','https://www.trackmyhashtag.com',11),(5296,1,'applewatch','https://www.trackmyhashtag.com',11),(5297,1,'applewatch','https://www.trackmyhashtag.com',11),(5298,1,'applewatch','https://www.trackmyhashtag.com',11),(5299,1,'applewatch','https://www.trackmyhashtag.com',11),(5300,1,'applewatch','https://www.trackmyhashtag.com',11),(5301,1,'applewatch','https://www.trackmyhashtag.com',11),(5302,1,'applewatch','https://www.trackmyhashtag.com',11);
/*!40000 ALTER TABLE `metainicio` ENABLE KEYS */;
UNLOCK TABLES;

--
-- Table structure for table `metasort`
--

DROP TABLE IF EXISTS `metasort`;
/*!40101 SET @saved_cs_client     = @@character_set_client */;
/*!40101 SET character_set_client = utf8 */;
CREATE TABLE `metasort` (
  `idmetasort` bigint(20) NOT NULL AUTO_INCREMENT,
  `iniuser` bigint(20) DEFAULT NULL,
  `folkssort` bigint(20) DEFAULT NULL,
  `tagsort` varchar(250) DEFAULT NULL,
  `usersort` bigint(20) DEFAULT NULL,
  `gruposort` bigint(20) DEFAULT NULL,
  PRIMARY KEY (`idmetasort`),
  KEY `id_fk_metasort` (`iniuser`),
  CONSTRAINT `id_fk_metasort` FOREIGN KEY (`iniuser`) REFERENCES `metainicio` (`idmetainicio`)
) ENGINE=InnoDB AUTO_INCREMENT=3754 DEFAULT CHARSET=latin1 COLLATE=latin1_swedish_ci;
/*!40101 SET character_set_client = @saved_cs_client */;

--
-- Dumping data for table `metasort`
--

LOCK TABLES `metasort` WRITE;
/*!40000 ALTER TABLE `metasort` DISABLE KEYS */;
INSERT INTO `metasort` VALUES (2057,30,396,'apple',1,2),(2058,37,145,'applewatch',1,1),(2059,38,145,'applewatch',1,2),(2060,163,267,'ios',1,1),(2061,164,267,'ios',1,2),(2062,165,267,'ios',1,5),(2063,166,267,'ios',1,4),(2064,177,333,'iphone',1,1),(2065,178,333,'iphone',1,2),(2066,179,333,'iphone',1,4),(2067,180,333,'iphone',1,2),(2068,184,157,'iphone12',1,1),(2069,185,157,'iphone12',1,10),(2070,186,157,'iphone12',1,10),(2071,187,157,'iphone12',1,1),(2072,3621,157,'iphone12',1,11),(2073,3622,157,'iphone12',1,11),(2074,3623,157,'iphone12',1,11),(2075,3624,157,'iphone12',1,11),(2076,3625,157,'iphone12',1,11),(2077,3626,157,'iphone12',1,11),(2078,3627,157,'iphone12',1,11),(2079,3628,157,'iphone12',1,11),(2080,3629,157,'iphone12',1,11),(2081,3630,157,'iphone12',1,11),(2082,3631,157,'iphone12',1,11),(2083,3632,157,'iphone12',1,11),(2084,3633,157,'iphone12',1,11),(2085,3634,157,'iphone12',1,11),(2086,3635,157,'iphone12',1,11),(2087,3636,157,'iphone12',1,11),(2088,3637,157,'iphone12',1,11),(2089,3638,157,'iphone12',1,11),(2090,3639,157,'iphone12',1,11),(2091,3640,157,'iphone12',1,11),(2092,3641,157,'iphone12',1,11),(2093,3642,157,'iphone12',1,11),(2094,3643,157,'iphone12',1,11),(2095,3644,157,'iphone12',1,11),(2096,3645,157,'iphone12',1,11),(2097,3646,157,'iphone12',1,11),(2098,3647,157,'iphone12',1,11),(2099,3648,157,'iphone12',1,11),(2100,3649,157,'iphone12',1,11),(2101,3650,157,'iphone12',1,11),(2102,3651,157,'iphone12',1,11),(2103,3652,157,'iphone12',1,11),(2104,3653,157,'iphone12',1,11),(2105,3654,157,'iphone12',1,11),(2106,3655,157,'iphone12',1,11),(2107,3656,157,'iphone12',1,11),(2108,3657,157,'iphone12',1,11),(2109,3658,157,'iphone12',1,11),(2110,3659,157,'iphone12',1,11),(2111,3660,157,'iphone12',1,11),(2112,3661,157,'iphone12',1,11),(2113,3662,157,'iphone12',1,11),(2114,3663,157,'iphone12',1,11),(2115,3664,157,'iphone12',1,11),(2116,3665,157,'iphone12',1,11),(2117,3666,157,'iphone12',1,11),(2118,3667,157,'iphone12',1,11),(2119,3668,157,'iphone12',1,11),(2120,3669,157,'iphone12',1,11),(2121,3670,157,'iphone12',1,11),(2122,3671,157,'iphone12',1,11),(2123,3672,157,'iphone12',1,11),(2124,3673,157,'iphone12',1,11),(2125,3674,157,'iphone12',1,11),(2126,3675,157,'iphone12',1,11),(2127,3676,157,'iphone12',1,11),(2128,3677,157,'iphone12',1,11),(2129,3678,157,'iphone12',1,11),(2130,3679,157,'iphone12',1,11),(2131,3680,157,'iphone12',1,11),(2132,3681,157,'iphone12',1,11),(2133,3682,157,'iphone12',1,11),(2134,3683,157,'iphone12',1,11),(2135,3684,157,'iphone12',1,11),(2136,3685,157,'iphone12',1,11),(2137,3686,157,'iphone12',1,11),(2138,3687,157,'iphone12',1,11),(2139,3688,157,'iphone12',1,11),(2140,3689,157,'iphone12',1,11),(2141,3690,157,'iphone12',1,11),(2142,3691,157,'iphone12',1,11),(2143,3692,157,'iphone12',1,11),(2144,3693,157,'iphone12',1,11),(2145,3694,157,'iphone12',1,11),(2146,3695,157,'iphone12',1,11),(2147,3696,157,'iphone12',1,11),(2148,3697,157,'iphone12',1,11),(2149,3698,157,'iphone12',1,11),(2150,3699,157,'iphone12',1,11),(2151,3700,157,'iphone12',1,11),(2152,3701,157,'iphone12',1,11),(2153,3702,157,'iphone12',1,11),(2154,3703,157,'iphone12',1,11),(2155,3704,157,'iphone12',1,11),(2156,3705,157,'iphone12',1,11),(2157,3706,157,'iphone12',1,11),(2158,3707,157,'iphone12',1,11),(2159,3708,157,'iphone12',1,11),(2160,3709,157,'iphone12',1,11),(2161,3710,157,'iphone12',1,11),(2162,3711,157,'iphone12',1,11),(2163,3712,157,'iphone12',1,11),(2164,3713,157,'iphone12',1,11),(2165,3714,157,'iphone12',1,11),(2166,3715,157,'iphone12',1,11),(2167,3716,157,'iphone12',1,11),(2168,3717,157,'iphone12',1,11),(2169,3718,157,'iphone12',1,11),(2170,3719,157,'iphone12',1,11),(2171,3720,157,'iphone12',1,11),(2172,3721,157,'iphone12',1,11),(2173,3722,157,'iphone12',1,11),(2174,3723,157,'iphone12',1,11),(2175,3724,157,'iphone12',1,11),(2176,3725,157,'iphone12',1,11),(2177,3726,157,'iphone12',1,11),(2178,3727,157,'iphone12',1,11),(2179,3728,157,'iphone12',1,11),(2180,3729,157,'iphone12',1,11),(2181,3730,157,'iphone12',1,11),(2182,3731,157,'iphone12',1,11),(2183,3732,157,'iphone12',1,11),(2184,3733,157,'iphone12',1,11),(2185,3734,157,'iphone12',1,11),(2186,3735,157,'iphone12',1,11),(2187,3736,157,'iphone12',1,11),(2188,3737,157,'iphone12',1,11),(2189,3738,157,'iphone12',1,11),(2190,3739,157,'iphone12',1,11),(2191,3740,157,'iphone12',1,11),(2192,3741,157,'iphone12',1,11),(2193,3742,157,'iphone12',1,11),(2194,3743,157,'iphone12',1,11),(2195,3744,157,'iphone12',1,11),(2196,3745,157,'iphone12',1,11),(2197,3746,157,'iphone12',1,11),(2198,3747,157,'iphone12',1,11),(2199,3748,157,'iphone12',1,11),(2200,3749,157,'iphone12',1,11),(2201,3750,157,'iphone12',1,11),(2202,3751,157,'iphone12',1,11),(2203,3752,157,'iphone12',1,11),(2204,3753,157,'iphone12',1,11),(2205,3754,157,'iphone12',1,11),(2206,3755,157,'iphone12',1,11),(2207,3756,157,'iphone12',1,11),(2208,3757,157,'iphone12',1,11),(2209,3758,157,'iphone12',1,11),(2210,3759,157,'iphone12',1,11),(2211,3760,157,'iphone12',1,11),(2212,3761,157,'iphone12',1,11),(2213,3762,157,'iphone12',1,11),(2214,3763,157,'iphone12',1,11),(2215,3764,157,'iphone12',1,11),(2216,3765,157,'iphone12',1,11),(2217,3766,157,'iphone12',1,11),(2218,3767,157,'iphone12',1,11),(2219,3768,157,'iphone12',1,11),(2220,3769,157,'iphone12',1,11),(2221,3770,157,'iphone12',1,11),(2222,3771,157,'iphone12',1,11),(2223,3772,157,'iphone12',1,11),(2224,3773,157,'iphone12',1,11),(2225,3774,399,'iphone14',1,11),(2226,3775,399,'iphone14',1,11),(2227,3776,399,'iphone14',1,11),(2228,3777,399,'iphone14',1,11),(2229,3778,399,'iphone14',1,11),(2230,3779,399,'iphone14',1,11),(2231,3780,399,'iphone14',1,11),(2232,3781,399,'iphone14',1,11),(2233,3782,399,'iphone14',1,11),(2234,3783,399,'iphone14',1,11),(2235,3784,399,'iphone14',1,11),(2236,3785,399,'iphone14',1,11),(2237,3786,399,'iphone14',1,11),(2238,3787,399,'iphone14',1,11),(2239,3788,399,'iphone14',1,11),(2240,3789,399,'iphone14',1,11),(2241,3790,399,'iphone14',1,11),(2242,3791,399,'iphone14',1,11),(2243,3792,399,'iphone14',1,11),(2244,3793,399,'iphone14',1,11),(2245,3794,399,'iphone14',1,11),(2246,3795,399,'iphone14',1,11),(2247,3796,399,'iphone14',1,11),(2248,3797,399,'iphone14',1,11),(2249,3798,399,'iphone14',1,11),(2250,3799,399,'iphone14',1,11),(2251,3800,399,'iphone14',1,11),(2252,3801,399,'iphone14',1,11),(2253,3802,399,'iphone14',1,11),(2254,3803,399,'iphone14',1,11),(2255,3804,399,'iphone14',1,11),(2256,3805,399,'iphone14',1,11),(2257,3806,399,'iphone14',1,11),(2258,3807,399,'iphone14',1,11),(2259,3808,399,'iphone14',1,11),(2260,3809,399,'iphone14',1,11),(2261,3810,399,'iphone14',1,11),(2262,3811,399,'iphone14',1,11),(2263,3812,399,'iphone14',1,11),(2264,3813,399,'iphone14',1,11),(2265,3814,399,'iphone14',1,11),(2266,3815,399,'iphone14',1,11),(2267,3816,399,'iphone14',1,11),(2268,3817,399,'iphone14',1,11),(2269,3818,399,'iphone14',1,11),(2270,3819,399,'iphone14',1,11),(2271,3820,399,'iphone14',1,11),(2272,3821,399,'iphone14',1,11),(2273,3822,399,'iphone14',1,11),(2274,3823,399,'iphone14',1,11),(2275,3824,399,'iphone14',1,11),(2276,3825,399,'iphone14',1,11),(2277,3826,399,'iphone14',1,11),(2278,3827,399,'iphone14',1,11),(2279,3828,399,'iphone14',1,11),(2280,3829,399,'iphone14',1,11),(2281,3830,399,'iphone14',1,11),(2282,3831,399,'iphone14',1,11),(2283,3832,399,'iphone14',1,11),(2284,3833,399,'iphone14',1,11),(2285,3834,399,'iphone14',1,11),(2286,3835,399,'iphone14',1,11),(2287,3836,399,'iphone14',1,11),(2288,3837,399,'iphone14',1,11),(2289,3838,399,'iphone14',1,11),(2290,3839,399,'iphone14',1,11),(2291,3840,399,'iphone14',1,11),(2292,3841,399,'iphone14',1,11),(2293,3842,399,'iphone14',1,11),(2294,3843,399,'iphone14',1,11),(2295,3844,399,'iphone14',1,11),(2296,3845,399,'iphone14',1,11),(2297,3846,399,'iphone14',1,11),(2298,3847,399,'iphone14',1,11),(2299,3848,399,'iphone14',1,11),(2300,3849,399,'iphone14',1,11),(2301,3850,399,'iphone14',1,11),(2302,3851,399,'iphone14',1,11),(2303,3852,399,'iphone14',1,11),(2304,3853,399,'iphone14',1,11),(2305,3854,399,'iphone14',1,11),(2306,3855,399,'iphone14',1,11),(2307,3856,399,'iphone14',1,11),(2308,3857,399,'iphone14',1,11),(2309,3858,399,'iphone14',1,11),(2310,3859,399,'iphone14',1,11),(2311,3860,399,'iphone14',1,11),(2312,3861,399,'iphone14',1,11),(2313,3862,399,'iphone14',1,11),(2314,3863,399,'iphone14',1,11),(2315,3864,399,'iphone14',1,11),(2316,3865,399,'iphone14',1,11),(2317,3866,399,'iphone14',1,11),(2318,3867,399,'iphone14',1,11),(2319,3868,399,'iphone14',1,11),(2320,3869,399,'iphone14',1,11),(2321,3870,399,'iphone14',1,11),(2322,3871,399,'iphone14',1,11),(2323,3872,399,'iphone14',1,11),(2324,3873,399,'iphone14',1,11),(2325,3874,399,'iphone14',1,11),(2326,3875,399,'iphone14',1,11),(2327,3876,399,'iphone14',1,11),(2328,3877,399,'iphone14',1,11),(2329,3878,399,'iphone14',1,11),(2330,3879,399,'iphone14',1,11),(2331,3880,399,'iphone14',1,11),(2332,3881,399,'iphone14',1,11),(2333,3882,399,'iphone14',1,11),(2334,3883,399,'iphone14',1,11),(2335,3884,399,'iphone14',1,11),(2336,3885,399,'iphone14',1,11),(2337,3886,399,'iphone14',1,11),(2338,3887,399,'iphone14',1,11),(2339,3888,399,'iphone14',1,11),(2340,3889,399,'iphone14',1,11),(2341,3890,399,'iphone14',1,11),(2342,3891,399,'iphone14',1,11),(2343,3892,399,'iphone14',1,11),(2344,3893,399,'iphone14',1,11),(2345,3894,399,'iphone14',1,11),(2346,3895,399,'iphone14',1,11),(2347,3896,399,'iphone14',1,11),(2348,3897,399,'iphone14',1,11),(2349,3898,399,'iphone14',1,11),(2350,3899,399,'iphone14',1,11),(2351,3900,399,'iphone14',1,11),(2352,3901,399,'iphone14',1,11),(2353,3902,399,'iphone14',1,11),(2354,3903,399,'iphone14',1,11),(2355,3904,399,'iphone14',1,11),(2356,3905,399,'iphone14',1,11),(2357,3906,399,'iphone14',1,11),(2358,3907,399,'iphone14',1,11),(2359,3908,399,'iphone14',1,11),(2360,3909,399,'iphone14',1,11),(2361,3910,399,'iphone14',1,11),(2362,3911,399,'iphone14',1,11),(2363,3912,399,'iphone14',1,11),(2364,3913,399,'iphone14',1,11),(2365,3914,399,'iphone14',1,11),(2366,3915,399,'iphone14',1,11),(2367,3916,399,'iphone14',1,11),(2368,3917,399,'iphone14',1,11),(2369,3918,399,'iphone14',1,11),(2370,3919,399,'iphone14',1,11),(2371,3920,399,'iphone14',1,11),(2372,3921,399,'iphone14',1,11),(2373,3922,399,'iphone14',1,11),(2374,3923,399,'iphone14',1,11),(2375,3924,399,'iphone14',1,11),(2376,3925,399,'iphone14',1,11),(2377,3926,399,'iphone14',1,11),(2378,3927,399,'iphone14',1,11),(2379,3928,399,'iphone14',1,11),(2380,3929,399,'iphone14',1,11),(2381,3930,399,'iphone14',1,11),(2382,3931,399,'iphone14',1,11),(2383,3932,399,'iphone14',1,11),(2384,3933,399,'iphone14',1,11),(2385,3934,399,'iphone14',1,11),(2386,3935,399,'iphone14',1,11),(2387,3936,399,'iphone14',1,11),(2388,3937,399,'iphone14',1,11),(2389,3938,399,'iphone14',1,11),(2390,3939,399,'iphone14',1,11),(2391,3940,399,'iphone14',1,11),(2392,3941,399,'iphone14',1,11),(2393,3942,399,'iphone14',1,11),(2394,3943,399,'iphone14',1,11),(2395,3944,399,'iphone14',1,11),(2396,3945,399,'iphone14',1,11),(2397,3946,399,'iphone14',1,11),(2398,3947,399,'iphone14',1,11),(2399,3948,399,'iphone14',1,11),(2400,3949,399,'iphone14',1,11),(2401,3950,399,'iphone14',1,11),(2402,3951,399,'iphone14',1,11),(2403,3952,399,'iphone14',1,11),(2404,3953,399,'iphone14',1,11),(2405,3954,399,'iphone14',1,11),(2406,3955,399,'iphone14',1,11),(2407,3956,399,'iphone14',1,11),(2408,3957,399,'iphone14',1,11),(2409,3958,399,'iphone14',1,11),(2410,3959,399,'iphone14',1,11),(2411,3960,399,'iphone14',1,11),(2412,3961,399,'iphone14',1,11),(2413,3962,399,'iphone14',1,11),(2414,3963,399,'iphone14',1,11),(2415,3964,399,'iphone14',1,11),(2416,3965,399,'iphone14',1,11),(2417,3966,399,'iphone14',1,11),(2418,3967,399,'iphone14',1,11),(2419,3968,399,'iphone14',1,11),(2420,3969,399,'iphone14',1,11),(2421,3970,399,'iphone14',1,11),(2422,3971,399,'iphone14',1,11),(2423,3972,399,'iphone14',1,11),(2424,3973,399,'iphone14',1,11),(2425,3974,399,'iphone14',1,11),(2426,3975,399,'iphone14',1,11),(2427,3976,399,'iphone14',1,11),(2428,3977,399,'iphone14',1,11),(2429,3978,399,'iphone14',1,11),(2430,3979,399,'iphone14',1,11),(2431,3980,399,'iphone14',1,11),(2432,3981,399,'iphone14',1,11),(2433,3982,399,'iphone14',1,11),(2434,3983,399,'iphone14',1,11),(2435,3984,399,'iphone14',1,11),(2436,3985,399,'iphone14',1,11),(2437,3986,399,'iphone14',1,11),(2438,3987,399,'iphone14',1,11),(2439,3988,399,'iphone14',1,11),(2440,3989,399,'iphone14',1,11),(2441,3990,399,'iphone14',1,11),(2442,3991,399,'iphone14',1,11),(2443,3992,399,'iphone14',1,11),(2444,3993,399,'iphone14',1,11),(2445,3994,399,'iphone14',1,11),(2446,3995,399,'iphone14',1,11),(2447,3996,399,'iphone14',1,11),(2448,3997,399,'iphone14',1,11),(2449,3998,399,'iphone14',1,11),(2450,3999,399,'iphone14',1,11),(2451,4000,399,'iphone14',1,11),(2452,4001,399,'iphone14',1,11),(2453,4002,399,'iphone14',1,11),(2454,4003,399,'iphone14',1,11),(2455,4004,399,'iphone14',1,11),(2456,4005,399,'iphone14',1,11),(2457,4006,399,'iphone14',1,11),(2458,4007,399,'iphone14',1,11),(2459,4008,399,'iphone14',1,11),(2460,4009,399,'iphone14',1,11),(2461,4010,399,'iphone14',1,11),(2462,4011,399,'iphone14',1,11),(2463,4012,399,'iphone14',1,11),(2464,4013,399,'iphone14',1,11),(2465,4014,399,'iphone14',1,11),(2466,4015,399,'iphone14',1,11),(2467,4016,399,'iphone14',1,11),(2468,4017,399,'iphone14',1,11),(2469,4018,399,'iphone14',1,11),(2470,4019,399,'iphone14',1,11),(2471,4020,399,'iphone14',1,11),(2472,4021,399,'iphone14',1,11),(2473,4022,399,'iphone14',1,11),(2474,4023,399,'iphone14',1,11),(2475,4024,399,'iphone14',1,11),(2476,4025,399,'iphone14',1,11),(2477,4026,399,'iphone14',1,11),(2478,4027,399,'iphone14',1,11),(2479,4028,399,'iphone14',1,11),(2480,4029,399,'iphone14',1,11),(2481,4030,399,'iphone14',1,11),(2482,4031,399,'iphone14',1,11),(2483,4032,399,'iphone14',1,11),(2484,4033,399,'iphone14',1,11),(2485,4034,399,'iphone14',1,11),(2486,4035,399,'iphone14',1,11),(2487,4036,399,'iphone14',1,11),(2488,4037,399,'iphone14',1,11),(2489,4038,399,'iphone14',1,11),(2490,4039,399,'iphone14',1,11),(2491,4040,399,'iphone14',1,11),(2492,4041,399,'iphone14',1,11),(2493,4042,399,'iphone14',1,11),(2494,4043,399,'iphone14',1,11),(2495,4044,399,'iphone14',1,11),(2496,4045,399,'iphone14',1,11),(2497,4046,399,'iphone14',1,11),(2498,4047,399,'iphone14',1,11),(2499,4048,399,'iphone14',1,11),(2500,4049,399,'iphone14',1,11),(2501,4050,399,'iphone14',1,11),(2502,4051,399,'iphone14',1,11),(2503,4052,399,'iphone14',1,11),(2504,4053,399,'iphone14',1,11),(2505,4054,399,'iphone14',1,11),(2506,4055,399,'iphone14',1,11),(2507,4056,399,'iphone14',1,11),(2508,4057,399,'iphone14',1,11),(2509,4058,399,'iphone14',1,11),(2510,4059,399,'iphone14',1,11),(2511,4060,399,'iphone14',1,11),(2512,4061,399,'iphone14',1,11),(2513,4062,399,'iphone14',1,11),(2514,4063,399,'iphone14',1,11),(2515,4064,399,'iphone14',1,11),(2516,4065,399,'iphone14',1,11),(2517,4066,399,'iphone14',1,11),(2518,4067,399,'iphone14',1,11),(2519,4068,399,'iphone14',1,11),(2520,4069,399,'iphone14',1,11),(2521,4070,399,'iphone14',1,11),(2522,4071,399,'iphone14',1,11),(2523,4072,399,'iphone14',1,11),(2524,4073,399,'iphone14',1,11),(2525,4074,399,'iphone14',1,11),(2526,4075,399,'iphone14',1,11),(2527,4076,399,'iphone14',1,11),(2528,4077,399,'iphone14',1,11),(2529,4078,399,'iphone14',1,11),(2530,4079,399,'iphone14',1,11),(2531,4080,399,'iphone14',1,11),(2532,4081,399,'iphone14',1,11),(2533,4082,399,'iphone14',1,11),(2534,4083,399,'iphone14',1,11),(2535,4084,399,'iphone14',1,11),(2536,4085,399,'iphone14',1,11),(2537,4086,399,'iphone14',1,11),(2538,4087,399,'iphone14',1,11),(2539,4088,399,'iphone14',1,11),(2540,4089,399,'iphone14',1,11),(2541,4090,399,'iphone14',1,11),(2542,4091,399,'iphone14',1,11),(2543,4092,399,'iphone14',1,11),(2544,4093,399,'iphone14',1,11),(2545,4094,399,'iphone14',1,11),(2546,4095,399,'iphone14',1,11),(2547,4096,399,'iphone14',1,11),(2548,4097,399,'iphone14',1,11),(2549,4098,399,'iphone14',1,11),(2550,4099,399,'iphone14',1,11),(2551,4100,399,'iphone14',1,11),(2552,4101,399,'iphone14',1,11),(2553,4102,399,'iphone14',1,11),(2554,4103,399,'iphone14',1,11),(2555,4104,399,'iphone14',1,11),(2556,4105,399,'iphone14',1,11),(2557,4106,399,'iphone14',1,11),(2558,4107,399,'iphone14',1,11),(2559,4108,399,'iphone14',1,11),(2560,4109,399,'iphone14',1,11),(2561,4110,399,'iphone14',1,11),(2562,4111,399,'iphone14',1,11),(2563,4112,399,'iphone14',1,11),(2564,4113,399,'iphone14',1,11),(2565,4114,399,'iphone14',1,11),(2566,4115,399,'iphone14',1,11),(2567,4116,399,'iphone14',1,11),(2568,4117,399,'iphone14',1,11),(2569,4118,399,'iphone14',1,11),(2570,4119,399,'iphone14',1,11),(2571,4120,399,'iphone14',1,11),(2572,4121,399,'iphone14',1,11),(2573,4122,399,'iphone14',1,11),(2574,4123,399,'iphone14',1,11),(2575,4124,399,'iphone14',1,11),(2576,4125,399,'iphone14',1,11),(2577,4126,399,'iphone14',1,11),(2578,4127,399,'iphone14',1,11),(2579,4128,399,'iphone14',1,11),(2580,4129,399,'iphone14',1,11),(2581,4130,399,'iphone14',1,11),(2582,4131,399,'iphone14',1,11),(2583,4132,399,'iphone14',1,11),(2584,4133,399,'iphone14',1,11),(2585,4134,399,'iphone14',1,11),(2586,4135,399,'iphone14',1,11),(2587,4136,399,'iphone14',1,11),(2588,4137,399,'iphone14',1,11),(2589,4138,399,'iphone14',1,11),(2590,4139,399,'iphone14',1,11),(2591,4140,399,'iphone14',1,11),(2592,4141,399,'iphone14',1,11),(2593,4142,399,'iphone14',1,11),(2594,4143,399,'iphone14',1,11),(2595,4144,399,'iphone14',1,11),(2596,4145,399,'iphone14',1,11),(2597,4146,399,'iphone14',1,11),(2598,4147,399,'iphone14',1,11),(2599,4148,399,'iphone14',1,11),(2600,4149,399,'iphone14',1,11),(2601,4150,399,'iphone14',1,11),(2602,4151,399,'iphone14',1,11),(2603,4152,399,'iphone14',1,11),(2604,4153,399,'iphone14',1,11),(2605,4154,399,'iphone14',1,11),(2606,4155,399,'iphone14',1,11),(2607,4156,399,'iphone14',1,11),(2608,4157,399,'iphone14',1,11),(2609,4158,399,'iphone14',1,11),(2610,4159,399,'iphone14',1,11),(2611,4160,399,'iphone14',1,11),(2612,4161,399,'iphone14',1,11),(2613,4162,399,'iphone14',1,11),(2614,4163,399,'iphone14',1,11),(2615,4164,399,'iphone14',1,11),(2616,4165,399,'iphone14',1,11),(2617,4166,399,'iphone14',1,11),(2618,4167,399,'iphone14',1,11),(2619,4168,399,'iphone14',1,11),(2620,4169,399,'iphone14',1,11),(2621,4170,399,'iphone14',1,11),(2622,4171,399,'iphone14',1,11),(2623,4172,399,'iphone14',1,11),(2624,4173,333,'iphone',1,11),(2625,4174,333,'iphone',1,11),(2626,4175,333,'iphone',1,11),(2627,4176,333,'iphone',1,11),(2628,4177,333,'iphone',1,11),(2629,4178,333,'iphone',1,11),(2630,4179,333,'iphone',1,11),(2631,4180,333,'iphone',1,11),(2632,4181,333,'iphone',1,11),(2633,4182,333,'iphone',1,11),(2634,4183,333,'iphone',1,11),(2635,4184,333,'iphone',1,11),(2636,4185,333,'iphone',1,11),(2637,4186,333,'iphone',1,11),(2638,4187,333,'iphone',1,11),(2639,4188,333,'iphone',1,11),(2640,4189,333,'iphone',1,11),(2641,4190,333,'iphone',1,11),(2642,4191,333,'iphone',1,11),(2643,4192,333,'iphone',1,11),(2644,4193,333,'iphone',1,11),(2645,4194,333,'iphone',1,11),(2646,4195,333,'iphone',1,11),(2647,4196,333,'iphone',1,11),(2648,4197,333,'iphone',1,11),(2649,4198,333,'iphone',1,11),(2650,4199,333,'iphone',1,11),(2651,4200,333,'iphone',1,11),(2652,4201,333,'iphone',1,11),(2653,4202,333,'iphone',1,11),(2654,4203,333,'iphone',1,11),(2655,4204,333,'iphone',1,11),(2656,4205,333,'iphone',1,11),(2657,4206,333,'iphone',1,11),(2658,4207,333,'iphone',1,11),(2659,4208,333,'iphone',1,11),(2660,4209,333,'iphone',1,11),(2661,4210,333,'iphone',1,11),(2662,4211,333,'iphone',1,11),(2663,4212,333,'iphone',1,11),(2664,4213,333,'iphone',1,11),(2665,4214,333,'iphone',1,11),(2666,4215,333,'iphone',1,11),(2667,4216,333,'iphone',1,11),(2668,4217,333,'iphone',1,11),(2669,4218,333,'iphone',1,11),(2670,4219,333,'iphone',1,11),(2671,4220,333,'iphone',1,11),(2672,4221,333,'iphone',1,11),(2673,4222,333,'iphone',1,11),(2674,4223,333,'iphone',1,11),(2675,4224,333,'iphone',1,11),(2676,4225,333,'iphone',1,11),(2677,4226,333,'iphone',1,11),(2678,4227,333,'iphone',1,11),(2679,4228,333,'iphone',1,11),(2680,4229,333,'iphone',1,11),(2681,4230,333,'iphone',1,11),(2682,4231,333,'iphone',1,11),(2683,4232,333,'iphone',1,11),(2684,4233,333,'iphone',1,11),(2685,4234,333,'iphone',1,11),(2686,4235,333,'iphone',1,11),(2687,4236,333,'iphone',1,11),(2688,4237,333,'iphone',1,11),(2689,4238,333,'iphone',1,11),(2690,4239,333,'iphone',1,11),(2691,4240,333,'iphone',1,11),(2692,4241,333,'iphone',1,11),(2693,4242,333,'iphone',1,11),(2694,4243,333,'iphone',1,11),(2695,4244,333,'iphone',1,11),(2696,4245,333,'iphone',1,11),(2697,4246,333,'iphone',1,11),(2698,4247,333,'iphone',1,11),(2699,4248,333,'iphone',1,11),(2700,4249,333,'iphone',1,11),(2701,4250,333,'iphone',1,11),(2702,4251,333,'iphone',1,11),(2703,4252,333,'iphone',1,11),(2704,4253,333,'iphone',1,11),(2705,4254,333,'iphone',1,11),(2706,4255,333,'iphone',1,11),(2707,4256,333,'iphone',1,11),(2708,4257,333,'iphone',1,11),(2709,4258,333,'iphone',1,11),(2710,4259,333,'iphone',1,11),(2711,4260,333,'iphone',1,11),(2712,4261,333,'iphone',1,11),(2713,4262,333,'iphone',1,11),(2714,4263,333,'iphone',1,11),(2715,4264,333,'iphone',1,11),(2716,4265,333,'iphone',1,11),(2717,4266,333,'iphone',1,11),(2718,4267,333,'iphone',1,11),(2719,4268,333,'iphone',1,11),(2720,4269,333,'iphone',1,11),(2721,4270,333,'iphone',1,11),(2722,4271,333,'iphone',1,11),(2723,4272,333,'iphone',1,11),(2724,4273,333,'iphone',1,11),(2725,4274,333,'iphone',1,11),(2726,4275,333,'iphone',1,11),(2727,4276,333,'iphone',1,11),(2728,4277,333,'iphone',1,11),(2729,4278,333,'iphone',1,11),(2730,4279,333,'iphone',1,11),(2731,4280,333,'iphone',1,11),(2732,4281,333,'iphone',1,11),(2733,4282,333,'iphone',1,11),(2734,4283,333,'iphone',1,11),(2735,4284,333,'iphone',1,11),(2736,4285,333,'iphone',1,11),(2737,4286,333,'iphone',1,11),(2738,4287,333,'iphone',1,11),(2739,4288,333,'iphone',1,11),(2740,4289,333,'iphone',1,11),(2741,4290,333,'iphone',1,11),(2742,4291,333,'iphone',1,11),(2743,4292,333,'iphone',1,11),(2744,4293,333,'iphone',1,11),(2745,4294,333,'iphone',1,11),(2746,4295,333,'iphone',1,11),(2747,4296,333,'iphone',1,11),(2748,4297,333,'iphone',1,11),(2749,4298,333,'iphone',1,11),(2750,4299,333,'iphone',1,11),(2751,4300,333,'iphone',1,11),(2752,4301,333,'iphone',1,11),(2753,4302,333,'iphone',1,11),(2754,4303,333,'iphone',1,11),(2755,4304,333,'iphone',1,11),(2756,4305,333,'iphone',1,11),(2757,4306,333,'iphone',1,11),(2758,4307,333,'iphone',1,11),(2759,4308,333,'iphone',1,11),(2760,4309,333,'iphone',1,11),(2761,4310,333,'iphone',1,11),(2762,4311,333,'iphone',1,11),(2763,4312,333,'iphone',1,11),(2764,4313,333,'iphone',1,11),(2765,4314,333,'iphone',1,11),(2766,4315,333,'iphone',1,11),(2767,4316,333,'iphone',1,11),(2768,4317,333,'iphone',1,11),(2769,4318,333,'iphone',1,11),(2770,4319,333,'iphone',1,11),(2771,4320,333,'iphone',1,11),(2772,4321,333,'iphone',1,11),(2773,4322,333,'iphone',1,11),(2774,4323,333,'iphone',1,11),(2775,4324,333,'iphone',1,11),(2776,4325,333,'iphone',1,11),(2777,4326,333,'iphone',1,11),(2778,4327,333,'iphone',1,11),(2779,4328,333,'iphone',1,11),(2780,4329,333,'iphone',1,11),(2781,4330,333,'iphone',1,11),(2782,4331,333,'iphone',1,11),(2783,4332,333,'iphone',1,11),(2784,4333,333,'iphone',1,11),(2785,4334,333,'iphone',1,11),(2786,4335,333,'iphone',1,11),(2787,4336,333,'iphone',1,11),(2788,4337,333,'iphone',1,11),(2789,4338,333,'iphone',1,11),(2790,4339,333,'iphone',1,11),(2791,4340,333,'iphone',1,11),(2792,4341,333,'iphone',1,11),(2793,4342,333,'iphone',1,11),(2794,4343,333,'iphone',1,11),(2795,4344,333,'iphone',1,11),(2796,4345,333,'iphone',1,11),(2797,4346,333,'iphone',1,11),(2798,4347,333,'iphone',1,11),(2799,4348,333,'iphone',1,11),(2800,4349,333,'iphone',1,11),(2801,4350,333,'iphone',1,11),(2802,4351,333,'iphone',1,11),(2803,4352,333,'iphone',1,11),(2804,4353,333,'iphone',1,11),(2805,4354,333,'iphone',1,11),(2806,4355,333,'iphone',1,11),(2807,4356,333,'iphone',1,11),(2808,4357,333,'iphone',1,11),(2809,4358,333,'iphone',1,11),(2810,4359,333,'iphone',1,11),(2811,4360,333,'iphone',1,11),(2812,4361,333,'iphone',1,11),(2813,4362,333,'iphone',1,11),(2814,4363,333,'iphone',1,11),(2815,4364,333,'iphone',1,11),(2816,4365,333,'iphone',1,11),(2817,4366,333,'iphone',1,11),(2818,4367,333,'iphone',1,11),(2819,4368,333,'iphone',1,11),(2820,4369,333,'iphone',1,11),(2821,4370,333,'iphone',1,11),(2822,4371,333,'iphone',1,11),(2823,4372,333,'iphone',1,11),(2824,4373,333,'iphone',1,11),(2825,4374,333,'iphone',1,11),(2826,4375,333,'iphone',1,11),(2827,4376,333,'iphone',1,11),(2828,4377,333,'iphone',1,11),(2829,4378,333,'iphone',1,11),(2830,4379,333,'iphone',1,11),(2831,4380,333,'iphone',1,11),(2832,4381,333,'iphone',1,11),(2833,4382,333,'iphone',1,11),(2834,4383,333,'iphone',1,11),(2835,4384,333,'iphone',1,11),(2836,4385,333,'iphone',1,11),(2837,4386,333,'iphone',1,11),(2838,4387,333,'iphone',1,11),(2839,4388,333,'iphone',1,11),(2840,4389,333,'iphone',1,11),(2841,4390,333,'iphone',1,11),(2842,4391,333,'iphone',1,11),(2843,4392,333,'iphone',1,11),(2844,4393,333,'iphone',1,11),(2845,4394,333,'iphone',1,11),(2846,4395,333,'iphone',1,11),(2847,4396,333,'iphone',1,11),(2848,4397,333,'iphone',1,11),(2849,4398,333,'iphone',1,11),(2850,4399,333,'iphone',1,11),(2851,4400,333,'iphone',1,11),(2852,4401,333,'iphone',1,11),(2853,4402,333,'iphone',1,11),(2854,4403,333,'iphone',1,11),(2855,4404,333,'iphone',1,11),(2856,4405,333,'iphone',1,11),(2857,4406,333,'iphone',1,11),(2858,4407,333,'iphone',1,11),(2859,4408,333,'iphone',1,11),(2860,4409,333,'iphone',1,11),(2861,4410,333,'iphone',1,11),(2862,4411,333,'iphone',1,11),(2863,4412,333,'iphone',1,11),(2864,4413,333,'iphone',1,11),(2865,4414,333,'iphone',1,11),(2866,4415,333,'iphone',1,11),(2867,4416,333,'iphone',1,11),(2868,4417,333,'iphone',1,11),(2869,4418,333,'iphone',1,11),(2870,4419,333,'iphone',1,11),(2871,4420,333,'iphone',1,11),(2872,4421,333,'iphone',1,11),(2873,4422,333,'iphone',1,11),(2874,4423,333,'iphone',1,11),(2875,4424,333,'iphone',1,11),(2876,4425,333,'iphone',1,11),(2877,4426,333,'iphone',1,11),(2878,4427,333,'iphone',1,11),(2879,4428,333,'iphone',1,11),(2880,4429,333,'iphone',1,11),(2881,4430,333,'iphone',1,11),(2882,4431,333,'iphone',1,11),(2883,4432,333,'iphone',1,11),(2884,4433,333,'iphone',1,11),(2885,4434,333,'iphone',1,11),(2886,4435,333,'iphone',1,11),(2887,4436,333,'iphone',1,11),(2888,4437,333,'iphone',1,11),(2889,4438,333,'iphone',1,11),(2890,4439,333,'iphone',1,11),(2891,4440,333,'iphone',1,11),(2892,4441,333,'iphone',1,11),(2893,4442,333,'iphone',1,11),(2894,4443,333,'iphone',1,11),(2895,4444,333,'iphone',1,11),(2896,4445,333,'iphone',1,11),(2897,4446,333,'iphone',1,11),(2898,4447,333,'iphone',1,11),(2899,4448,333,'iphone',1,11),(2900,4449,333,'iphone',1,11),(2901,4450,333,'iphone',1,11),(2902,4451,333,'iphone',1,11),(2903,4452,333,'iphone',1,11),(2904,4453,333,'iphone',1,11),(2905,4454,333,'iphone',1,11),(2906,4455,333,'iphone',1,11),(2907,4456,333,'iphone',1,11),(2908,4457,333,'iphone',1,11),(2909,4458,333,'iphone',1,11),(2910,4459,333,'iphone',1,11),(2911,4460,333,'iphone',1,11),(2912,4461,333,'iphone',1,11),(2913,4462,333,'iphone',1,11),(2914,4463,333,'iphone',1,11),(2915,4464,333,'iphone',1,11),(2916,4465,333,'iphone',1,11),(2917,4466,333,'iphone',1,11),(2918,4467,333,'iphone',1,11),(2919,4468,333,'iphone',1,11),(2920,4469,333,'iphone',1,11),(2921,4470,333,'iphone',1,11),(2922,4471,333,'iphone',1,11),(2923,4472,333,'iphone',1,11),(2924,4473,333,'iphone',1,11),(2925,4474,333,'iphone',1,11),(2926,4475,333,'iphone',1,11),(2927,4476,333,'iphone',1,11),(2928,4477,333,'iphone',1,11),(2929,4478,333,'iphone',1,11),(2930,4479,333,'iphone',1,11),(2931,4480,333,'iphone',1,11),(2932,4481,333,'iphone',1,11),(2933,4482,333,'iphone',1,11),(2934,4483,333,'iphone',1,11),(2935,4484,333,'iphone',1,11),(2936,4485,333,'iphone',1,11),(2937,4486,333,'iphone',1,11),(2938,4487,333,'iphone',1,11),(2939,4488,333,'iphone',1,11),(2940,4489,333,'iphone',1,11),(2941,4490,333,'iphone',1,11),(2942,4491,333,'iphone',1,11),(2943,4492,333,'iphone',1,11),(2944,4493,333,'iphone',1,11),(2945,4494,333,'iphone',1,11),(2946,4495,333,'iphone',1,11),(2947,4496,333,'iphone',1,11),(2948,4497,333,'iphone',1,11),(2949,4498,333,'iphone',1,11),(2950,4499,333,'iphone',1,11),(2951,4500,333,'iphone',1,11),(2952,4501,333,'iphone',1,11),(2953,4502,396,'apple',1,11),(2954,4503,396,'apple',1,11),(2955,4504,396,'apple',1,11),(2956,4505,396,'apple',1,11),(2957,4506,396,'apple',1,11),(2958,4507,396,'apple',1,11),(2959,4508,396,'apple',1,11),(2960,4509,396,'apple',1,11),(2961,4510,396,'apple',1,11),(2962,4511,396,'apple',1,11),(2963,4512,396,'apple',1,11),(2964,4513,396,'apple',1,11),(2965,4514,396,'apple',1,11),(2966,4515,396,'apple',1,11),(2967,4516,396,'apple',1,11),(2968,4517,396,'apple',1,11),(2969,4518,396,'apple',1,11),(2970,4519,396,'apple',1,11),(2971,4520,396,'apple',1,11),(2972,4521,396,'apple',1,11),(2973,4522,396,'apple',1,11),(2974,4523,396,'apple',1,11),(2975,4524,396,'apple',1,11),(2976,4525,396,'apple',1,11),(2977,4526,396,'apple',1,11),(2978,4527,396,'apple',1,11),(2979,4528,396,'apple',1,11),(2980,4529,396,'apple',1,11),(2981,4530,396,'apple',1,11),(2982,4531,396,'apple',1,11),(2983,4532,396,'apple',1,11),(2984,4533,396,'apple',1,11),(2985,4534,396,'apple',1,11),(2986,4535,396,'apple',1,11),(2987,4536,396,'apple',1,11),(2988,4537,396,'apple',1,11),(2989,4538,396,'apple',1,11),(2990,4539,396,'apple',1,11),(2991,4540,396,'apple',1,11),(2992,4541,396,'apple',1,11),(2993,4542,396,'apple',1,11),(2994,4543,396,'apple',1,11),(2995,4544,396,'apple',1,11),(2996,4545,396,'apple',1,11),(2997,4546,396,'apple',1,11),(2998,4547,396,'apple',1,11),(2999,4548,396,'apple',1,11),(3000,4549,396,'apple',1,11),(3001,4550,396,'apple',1,11),(3002,4551,396,'apple',1,11),(3003,4552,396,'apple',1,11),(3004,4553,396,'apple',1,11),(3005,4554,396,'apple',1,11),(3006,4555,396,'apple',1,11),(3007,4556,396,'apple',1,11),(3008,4557,396,'apple',1,11),(3009,4558,396,'apple',1,11),(3010,4559,396,'apple',1,11),(3011,4560,396,'apple',1,11),(3012,4561,396,'apple',1,11),(3013,4562,396,'apple',1,11),(3014,4563,396,'apple',1,11),(3015,4564,396,'apple',1,11),(3016,4565,396,'apple',1,11),(3017,4566,396,'apple',1,11),(3018,4567,396,'apple',1,11),(3019,4568,396,'apple',1,11),(3020,4569,396,'apple',1,11),(3021,4570,396,'apple',1,11),(3022,4571,396,'apple',1,11),(3023,4572,396,'apple',1,11),(3024,4573,396,'apple',1,11),(3025,4574,396,'apple',1,11),(3026,4575,396,'apple',1,11),(3027,4576,396,'apple',1,11),(3028,4577,396,'apple',1,11),(3029,4578,396,'apple',1,11),(3030,4579,396,'apple',1,11),(3031,4580,396,'apple',1,11),(3032,4581,396,'apple',1,11),(3033,4582,396,'apple',1,11),(3034,4583,396,'apple',1,11),(3035,4584,396,'apple',1,11),(3036,4585,396,'apple',1,11),(3037,4586,396,'apple',1,11),(3038,4587,396,'apple',1,11),(3039,4588,396,'apple',1,11),(3040,4589,396,'apple',1,11),(3041,4590,396,'apple',1,11),(3042,4591,396,'apple',1,11),(3043,4592,396,'apple',1,11),(3044,4593,396,'apple',1,11),(3045,4594,396,'apple',1,11),(3046,4595,396,'apple',1,11),(3047,4596,396,'apple',1,11),(3048,4597,396,'apple',1,11),(3049,4598,396,'apple',1,11),(3050,4599,396,'apple',1,11),(3051,4600,396,'apple',1,11),(3052,4601,396,'apple',1,11),(3053,4602,396,'apple',1,11),(3054,4603,396,'apple',1,11),(3055,4604,396,'apple',1,11),(3056,4605,396,'apple',1,11),(3057,4606,396,'apple',1,11),(3058,4607,396,'apple',1,11),(3059,4608,396,'apple',1,11),(3060,4609,396,'apple',1,11),(3061,4610,396,'apple',1,11),(3062,4611,396,'apple',1,11),(3063,4612,396,'apple',1,11),(3064,4613,396,'apple',1,11),(3065,4614,396,'apple',1,11),(3066,4615,396,'apple',1,11),(3067,4616,396,'apple',1,11),(3068,4617,396,'apple',1,11),(3069,4618,396,'apple',1,11),(3070,4619,396,'apple',1,11),(3071,4620,396,'apple',1,11),(3072,4621,396,'apple',1,11),(3073,4622,396,'apple',1,11),(3074,4623,396,'apple',1,11),(3075,4624,396,'apple',1,11),(3076,4625,396,'apple',1,11),(3077,4626,396,'apple',1,11),(3078,4627,396,'apple',1,11),(3079,4628,396,'apple',1,11),(3080,4629,396,'apple',1,11),(3081,4630,396,'apple',1,11),(3082,4631,396,'apple',1,11),(3083,4632,396,'apple',1,11),(3084,4633,396,'apple',1,11),(3085,4634,396,'apple',1,11),(3086,4635,396,'apple',1,11),(3087,4636,396,'apple',1,11),(3088,4637,396,'apple',1,11),(3089,4638,396,'apple',1,11),(3090,4639,396,'apple',1,11),(3091,4640,396,'apple',1,11),(3092,4641,396,'apple',1,11),(3093,4642,396,'apple',1,11),(3094,4643,396,'apple',1,11),(3095,4644,396,'apple',1,11),(3096,4645,396,'apple',1,11),(3097,4646,396,'apple',1,11),(3098,4647,396,'apple',1,11),(3099,4648,396,'apple',1,11),(3100,4649,396,'apple',1,11),(3101,4650,396,'apple',1,11),(3102,4651,396,'apple',1,11),(3103,4652,396,'apple',1,11),(3104,4653,396,'apple',1,11),(3105,4654,396,'apple',1,11),(3106,4655,396,'apple',1,11),(3107,4656,396,'apple',1,11),(3108,4657,396,'apple',1,11),(3109,4658,396,'apple',1,11),(3110,4659,396,'apple',1,11),(3111,4660,396,'apple',1,11),(3112,4661,396,'apple',1,11),(3113,4662,396,'apple',1,11),(3114,4663,396,'apple',1,11),(3115,4664,396,'apple',1,11),(3116,4665,396,'apple',1,11),(3117,4666,396,'apple',1,11),(3118,4667,396,'apple',1,11),(3119,4668,396,'apple',1,11),(3120,4669,396,'apple',1,11),(3121,4670,396,'apple',1,11),(3122,4671,396,'apple',1,11),(3123,4672,396,'apple',1,11),(3124,4673,396,'apple',1,11),(3125,4674,396,'apple',1,11),(3126,4675,396,'apple',1,11),(3127,4676,396,'apple',1,11),(3128,4677,396,'apple',1,11),(3129,4678,396,'apple',1,11),(3130,4679,396,'apple',1,11),(3131,4680,396,'apple',1,11),(3132,4681,396,'apple',1,11),(3133,4682,396,'apple',1,11),(3134,4683,396,'apple',1,11),(3135,4684,396,'apple',1,11),(3136,4685,396,'apple',1,11),(3137,4686,396,'apple',1,11),(3138,4687,396,'apple',1,11),(3139,4688,396,'apple',1,11),(3140,4689,396,'apple',1,11),(3141,4690,396,'apple',1,11),(3142,4691,396,'apple',1,11),(3143,4692,396,'apple',1,11),(3144,4693,396,'apple',1,11),(3145,4694,396,'apple',1,11),(3146,4695,396,'apple',1,11),(3147,4696,396,'apple',1,11),(3148,4697,396,'apple',1,11),(3149,4698,396,'apple',1,11),(3150,4699,396,'apple',1,11),(3151,4700,396,'apple',1,11),(3152,4701,396,'apple',1,11),(3153,4702,396,'apple',1,11),(3154,4703,396,'apple',1,11),(3155,4704,396,'apple',1,11),(3156,4705,396,'apple',1,11),(3157,4706,396,'apple',1,11),(3158,4707,396,'apple',1,11),(3159,4708,396,'apple',1,11),(3160,4709,396,'apple',1,11),(3161,4710,396,'apple',1,11),(3162,4711,396,'apple',1,11),(3163,4712,396,'apple',1,11),(3164,4713,396,'apple',1,11),(3165,4714,396,'apple',1,11),(3166,4715,396,'apple',1,11),(3167,4716,396,'apple',1,11),(3168,4717,396,'apple',1,11),(3169,4718,396,'apple',1,11),(3170,4719,396,'apple',1,11),(3171,4720,396,'apple',1,11),(3172,4721,396,'apple',1,11),(3173,4722,396,'apple',1,11),(3174,4723,396,'apple',1,11),(3175,4724,396,'apple',1,11),(3176,4725,396,'apple',1,11),(3177,4726,396,'apple',1,11),(3178,4727,396,'apple',1,11),(3179,4728,396,'apple',1,11),(3180,4729,396,'apple',1,11),(3181,4730,396,'apple',1,11),(3182,4731,396,'apple',1,11),(3183,4732,396,'apple',1,11),(3184,4733,396,'apple',1,11),(3185,4734,396,'apple',1,11),(3186,4735,396,'apple',1,11),(3187,4736,396,'apple',1,11),(3188,4737,396,'apple',1,11),(3189,4738,396,'apple',1,11),(3190,4739,396,'apple',1,11),(3191,4740,396,'apple',1,11),(3192,4741,396,'apple',1,11),(3193,4742,396,'apple',1,11),(3194,4743,396,'apple',1,11),(3195,4744,396,'apple',1,11),(3196,4745,396,'apple',1,11),(3197,4746,396,'apple',1,11),(3198,4747,396,'apple',1,11),(3199,4748,396,'apple',1,11),(3200,4749,396,'apple',1,11),(3201,4750,396,'apple',1,11),(3202,4751,396,'apple',1,11),(3203,4752,396,'apple',1,11),(3204,4753,396,'apple',1,11),(3205,4754,396,'apple',1,11),(3206,4755,396,'apple',1,11),(3207,4756,396,'apple',1,11),(3208,4757,396,'apple',1,11),(3209,4758,396,'apple',1,11),(3210,4759,396,'apple',1,11),(3211,4760,396,'apple',1,11),(3212,4761,396,'apple',1,11),(3213,4762,396,'apple',1,11),(3214,4763,396,'apple',1,11),(3215,4764,396,'apple',1,11),(3216,4765,396,'apple',1,11),(3217,4766,396,'apple',1,11),(3218,4767,396,'apple',1,11),(3219,4768,396,'apple',1,11),(3220,4769,396,'apple',1,11),(3221,4770,396,'apple',1,11),(3222,4771,396,'apple',1,11),(3223,4772,396,'apple',1,11),(3224,4773,396,'apple',1,11),(3225,4774,396,'apple',1,11),(3226,4775,396,'apple',1,11),(3227,4776,396,'apple',1,11),(3228,4777,396,'apple',1,11),(3229,4778,396,'apple',1,11),(3230,4779,396,'apple',1,11),(3231,4780,396,'apple',1,11),(3232,4781,396,'apple',1,11),(3233,4782,396,'apple',1,11),(3234,4783,396,'apple',1,11),(3235,4784,396,'apple',1,11),(3236,4785,396,'apple',1,11),(3237,4786,396,'apple',1,11),(3238,4787,396,'apple',1,11),(3239,4788,396,'apple',1,11),(3240,4789,396,'apple',1,11),(3241,4790,396,'apple',1,11),(3242,4791,396,'apple',1,11),(3243,4792,396,'apple',1,11),(3244,4793,396,'apple',1,11),(3245,4794,396,'apple',1,11),(3246,4795,396,'apple',1,11),(3247,4796,396,'apple',1,11),(3248,4797,396,'apple',1,11),(3249,4798,396,'apple',1,11),(3250,4799,396,'apple',1,11),(3251,4800,396,'apple',1,11),(3252,4801,396,'apple',1,11),(3253,4802,396,'apple',1,11),(3254,4803,396,'apple',1,11),(3255,4804,396,'apple',1,11),(3256,4805,396,'apple',1,11),(3257,4806,396,'apple',1,11),(3258,4807,396,'apple',1,11),(3259,4808,396,'apple',1,11),(3260,4809,396,'apple',1,11),(3261,4810,396,'apple',1,11),(3262,4811,396,'apple',1,11),(3263,4812,396,'apple',1,11),(3264,4813,396,'apple',1,11),(3265,4814,396,'apple',1,11),(3266,4815,396,'apple',1,11),(3267,4816,396,'apple',1,11),(3268,4817,396,'apple',1,11),(3269,4818,396,'apple',1,11),(3270,4819,396,'apple',1,11),(3271,4820,396,'apple',1,11),(3272,4821,396,'apple',1,11),(3273,4822,396,'apple',1,11),(3274,4823,396,'apple',1,11),(3275,4824,396,'apple',1,11),(3276,4825,396,'apple',1,11),(3277,4826,396,'apple',1,11),(3278,4827,396,'apple',1,11),(3279,4828,396,'apple',1,11),(3280,4829,396,'apple',1,11),(3281,4830,396,'apple',1,11),(3282,4831,396,'apple',1,11),(3283,4832,396,'apple',1,11),(3284,4833,396,'apple',1,11),(3285,4834,396,'apple',1,11),(3286,4835,396,'apple',1,11),(3287,4836,396,'apple',1,11),(3288,4837,396,'apple',1,11),(3289,4838,396,'apple',1,11),(3290,4839,396,'apple',1,11),(3291,4840,396,'apple',1,11),(3292,4841,396,'apple',1,11),(3293,4842,396,'apple',1,11),(3294,4843,396,'apple',1,11),(3295,4844,396,'apple',1,11),(3296,4845,396,'apple',1,11),(3297,4846,396,'apple',1,11),(3298,4847,396,'apple',1,11),(3299,4848,396,'apple',1,11),(3300,4849,396,'apple',1,11),(3301,4850,396,'apple',1,11),(3302,4851,396,'apple',1,11),(3303,4852,396,'apple',1,11),(3304,4853,396,'apple',1,11),(3305,4854,396,'apple',1,11),(3306,4855,396,'apple',1,11),(3307,4856,396,'apple',1,11),(3308,4857,396,'apple',1,11),(3309,4858,396,'apple',1,11),(3310,4859,396,'apple',1,11),(3311,4860,396,'apple',1,11),(3312,4861,396,'apple',1,11),(3313,4862,396,'apple',1,11),(3314,4863,396,'apple',1,11),(3315,4864,396,'apple',1,11),(3316,4865,396,'apple',1,11),(3317,4866,396,'apple',1,11),(3318,4867,396,'apple',1,11),(3319,4868,396,'apple',1,11),(3320,4869,396,'apple',1,11),(3321,4870,396,'apple',1,11),(3322,4871,396,'apple',1,11),(3323,4872,396,'apple',1,11),(3324,4873,396,'apple',1,11),(3325,4874,396,'apple',1,11),(3326,4875,396,'apple',1,11),(3327,4876,396,'apple',1,11),(3328,4877,396,'apple',1,11),(3329,4878,396,'apple',1,11),(3330,4879,396,'apple',1,11),(3331,4880,396,'apple',1,11),(3332,4881,396,'apple',1,11),(3333,4882,396,'apple',1,11),(3334,4883,396,'apple',1,11),(3335,4884,396,'apple',1,11),(3336,4885,396,'apple',1,11),(3337,4886,396,'apple',1,11),(3338,4887,396,'apple',1,11),(3339,4888,396,'apple',1,11),(3340,4889,396,'apple',1,11),(3341,4890,396,'apple',1,11),(3342,4891,396,'apple',1,11),(3343,4892,396,'apple',1,11),(3344,4893,396,'apple',1,11),(3345,4894,396,'apple',1,11),(3346,4895,396,'apple',1,11),(3347,4896,396,'apple',1,11),(3348,4897,267,'ios',1,11),(3349,4898,267,'ios',1,11),(3350,4899,267,'ios',1,11),(3351,4900,267,'ios',1,11),(3352,4901,267,'ios',1,11),(3353,4902,267,'ios',1,11),(3354,4903,267,'ios',1,11),(3355,4904,267,'ios',1,11),(3356,4905,267,'ios',1,11),(3357,4906,267,'ios',1,11),(3358,4907,267,'ios',1,11),(3359,4908,267,'ios',1,11),(3360,4909,267,'ios',1,11),(3361,4910,267,'ios',1,11),(3362,4911,267,'ios',1,11),(3363,4912,267,'ios',1,11),(3364,4913,267,'ios',1,11),(3365,4914,267,'ios',1,11),(3366,4915,267,'ios',1,11),(3367,4916,267,'ios',1,11),(3368,4917,267,'ios',1,11),(3369,4918,267,'ios',1,11),(3370,4919,267,'ios',1,11),(3371,4920,267,'ios',1,11),(3372,4921,267,'ios',1,11),(3373,4922,267,'ios',1,11),(3374,4923,267,'ios',1,11),(3375,4924,267,'ios',1,11),(3376,4925,267,'ios',1,11),(3377,4926,267,'ios',1,11),(3378,4927,267,'ios',1,11),(3379,4928,267,'ios',1,11),(3380,4929,267,'ios',1,11),(3381,4930,267,'ios',1,11),(3382,4931,267,'ios',1,11),(3383,4932,267,'ios',1,11),(3384,4933,267,'ios',1,11),(3385,4934,267,'ios',1,11),(3386,4935,267,'ios',1,11),(3387,4936,267,'ios',1,11),(3388,4937,267,'ios',1,11),(3389,4938,267,'ios',1,11),(3390,4939,267,'ios',1,11),(3391,4940,267,'ios',1,11),(3392,4941,267,'ios',1,11),(3393,4942,267,'ios',1,11),(3394,4943,267,'ios',1,11),(3395,4944,267,'ios',1,11),(3396,4945,267,'ios',1,11),(3397,4946,267,'ios',1,11),(3398,4947,267,'ios',1,11),(3399,4948,267,'ios',1,11),(3400,4949,267,'ios',1,11),(3401,4950,267,'ios',1,11),(3402,4951,267,'ios',1,11),(3403,4952,267,'ios',1,11),(3404,4953,267,'ios',1,11),(3405,4954,267,'ios',1,11),(3406,4955,267,'ios',1,11),(3407,4956,267,'ios',1,11),(3408,4957,267,'ios',1,11),(3409,4958,267,'ios',1,11),(3410,4959,267,'ios',1,11),(3411,4960,267,'ios',1,11),(3412,4961,267,'ios',1,11),(3413,4962,267,'ios',1,11),(3414,4963,267,'ios',1,11),(3415,4964,267,'ios',1,11),(3416,4965,267,'ios',1,11),(3417,4966,267,'ios',1,11),(3418,4967,267,'ios',1,11),(3419,4968,267,'ios',1,11),(3420,4969,267,'ios',1,11),(3421,4970,267,'ios',1,11),(3422,4971,267,'ios',1,11),(3423,4972,267,'ios',1,11),(3424,4973,267,'ios',1,11),(3425,4974,267,'ios',1,11),(3426,4975,267,'ios',1,11),(3427,4976,267,'ios',1,11),(3428,4977,267,'ios',1,11),(3429,4978,267,'ios',1,11),(3430,4979,267,'ios',1,11),(3431,4980,267,'ios',1,11),(3432,4981,267,'ios',1,11),(3433,4982,267,'ios',1,11),(3434,4983,267,'ios',1,11),(3435,4984,267,'ios',1,11),(3436,4985,267,'ios',1,11),(3437,4986,267,'ios',1,11),(3438,4987,267,'ios',1,11),(3439,4988,267,'ios',1,11),(3440,4989,267,'ios',1,11),(3441,4990,267,'ios',1,11),(3442,4991,267,'ios',1,11),(3443,4992,267,'ios',1,11),(3444,4993,267,'ios',1,11),(3445,4994,267,'ios',1,11),(3446,4995,267,'ios',1,11),(3447,4996,267,'ios',1,11),(3448,4997,267,'ios',1,11),(3449,4998,267,'ios',1,11),(3450,4999,267,'ios',1,11),(3451,5000,267,'ios',1,11),(3452,5001,267,'ios',1,11),(3453,5002,267,'ios',1,11),(3454,5003,267,'ios',1,11),(3455,5004,267,'ios',1,11),(3456,5005,267,'ios',1,11),(3457,5006,267,'ios',1,11),(3458,5007,267,'ios',1,11),(3459,5008,267,'ios',1,11),(3460,5009,267,'ios',1,11),(3461,5010,267,'ios',1,11),(3462,5011,267,'ios',1,11),(3463,5012,267,'ios',1,11),(3464,5013,267,'ios',1,11),(3465,5014,267,'ios',1,11),(3466,5015,267,'ios',1,11),(3467,5016,267,'ios',1,11),(3468,5017,267,'ios',1,11),(3469,5018,267,'ios',1,11),(3470,5019,267,'ios',1,11),(3471,5020,267,'ios',1,11),(3472,5021,267,'ios',1,11),(3473,5022,267,'ios',1,11),(3474,5023,267,'ios',1,11),(3475,5024,267,'ios',1,11),(3476,5025,267,'ios',1,11),(3477,5026,267,'ios',1,11),(3478,5027,267,'ios',1,11),(3479,5028,267,'ios',1,11),(3480,5029,267,'ios',1,11),(3481,5030,267,'ios',1,11),(3482,5031,267,'ios',1,11),(3483,5032,267,'ios',1,11),(3484,5033,267,'ios',1,11),(3485,5034,267,'ios',1,11),(3486,5035,267,'ios',1,11),(3487,5036,267,'ios',1,11),(3488,5037,267,'ios',1,11),(3489,5038,267,'ios',1,11),(3490,5039,267,'ios',1,11),(3491,5040,267,'ios',1,11),(3492,5041,267,'ios',1,11),(3493,5042,267,'ios',1,11),(3494,5043,267,'ios',1,11),(3495,5044,267,'ios',1,11),(3496,5045,267,'ios',1,11),(3497,5046,267,'ios',1,11),(3498,5047,267,'ios',1,11),(3499,5048,267,'ios',1,11),(3500,5049,267,'ios',1,11),(3501,5050,267,'ios',1,11),(3502,5051,267,'ios',1,11),(3503,5052,267,'ios',1,11),(3504,5053,267,'ios',1,11),(3505,5054,267,'ios',1,11),(3506,5055,267,'ios',1,11),(3507,5056,267,'ios',1,11),(3508,5057,267,'ios',1,11),(3509,5058,267,'ios',1,11),(3510,5059,267,'ios',1,11),(3511,5060,267,'ios',1,11),(3512,5061,267,'ios',1,11),(3513,5062,267,'ios',1,11),(3514,5063,267,'ios',1,11),(3515,5064,267,'ios',1,11),(3516,5065,267,'ios',1,11),(3517,5066,267,'ios',1,11),(3518,5067,267,'ios',1,11),(3519,5068,267,'ios',1,11),(3520,5069,267,'ios',1,11),(3521,5070,267,'ios',1,11),(3522,5071,267,'ios',1,11),(3523,5072,267,'ios',1,11),(3524,5073,267,'ios',1,11),(3525,5074,267,'ios',1,11),(3526,5075,267,'ios',1,11),(3527,5076,267,'ios',1,11),(3528,5077,267,'ios',1,11),(3529,5078,267,'ios',1,11),(3530,5079,267,'ios',1,11),(3531,5080,267,'ios',1,11),(3532,5081,267,'ios',1,11),(3533,5082,267,'ios',1,11),(3534,5083,267,'ios',1,11),(3535,5084,267,'ios',1,11),(3536,5085,267,'ios',1,11),(3537,5086,267,'ios',1,11),(3538,5087,267,'ios',1,11),(3539,5088,267,'ios',1,11),(3540,5089,267,'ios',1,11),(3541,5090,267,'ios',1,11),(3542,5091,267,'ios',1,11),(3543,5092,267,'ios',1,11),(3544,5093,267,'ios',1,11),(3545,5094,267,'ios',1,11),(3546,5095,267,'ios',1,11),(3547,5096,267,'ios',1,11),(3548,5097,267,'ios',1,11),(3549,5098,267,'ios',1,11),(3550,5099,267,'ios',1,11),(3551,5100,267,'ios',1,11),(3552,5101,267,'ios',1,11),(3553,5102,267,'ios',1,11),(3554,5103,267,'ios',1,11),(3555,5104,267,'ios',1,11),(3556,5105,267,'ios',1,11),(3557,5106,267,'ios',1,11),(3558,5107,267,'ios',1,11),(3559,5108,267,'ios',1,11),(3560,5109,267,'ios',1,11),(3561,5110,267,'ios',1,11),(3562,5111,267,'ios',1,11),(3563,5112,267,'ios',1,11),(3564,5113,267,'ios',1,11),(3565,5114,267,'ios',1,11),(3566,5115,267,'ios',1,11),(3567,5116,267,'ios',1,11),(3568,5117,267,'ios',1,11),(3569,5118,267,'ios',1,11),(3570,5119,267,'ios',1,11),(3571,5120,267,'ios',1,11),(3572,5121,267,'ios',1,11),(3573,5122,267,'ios',1,11),(3574,5123,267,'ios',1,11),(3575,5124,267,'ios',1,11),(3576,5125,267,'ios',1,11),(3577,5126,267,'ios',1,11),(3578,5127,267,'ios',1,11),(3579,5128,267,'ios',1,11),(3580,5129,267,'ios',1,11),(3581,5130,267,'ios',1,11),(3582,5131,267,'ios',1,11),(3583,5132,267,'ios',1,11),(3584,5133,267,'ios',1,11),(3585,5134,267,'ios',1,11),(3586,5135,267,'ios',1,11),(3587,5136,267,'ios',1,11),(3588,5137,267,'ios',1,11),(3589,5138,267,'ios',1,11),(3590,5139,267,'ios',1,11),(3591,5140,267,'ios',1,11),(3592,5141,267,'ios',1,11),(3593,5142,267,'ios',1,11),(3594,5143,267,'ios',1,11),(3595,5144,267,'ios',1,11),(3596,5145,267,'ios',1,11),(3597,5146,267,'ios',1,11),(3598,5147,267,'ios',1,11),(3599,5148,267,'ios',1,11),(3600,5149,267,'ios',1,11),(3601,5150,267,'ios',1,11),(3602,5151,267,'ios',1,11),(3603,5152,267,'ios',1,11),(3604,5153,267,'ios',1,11),(3605,5154,267,'ios',1,11),(3606,5155,267,'ios',1,11),(3607,5156,267,'ios',1,11),(3608,5157,267,'ios',1,11),(3609,5158,267,'ios',1,11),(3610,5159,267,'ios',1,11),(3611,5160,145,'applewatch',1,11),(3612,5161,145,'applewatch',1,11),(3613,5162,145,'applewatch',1,11),(3614,5163,145,'applewatch',1,11),(3615,5164,145,'applewatch',1,11),(3616,5165,145,'applewatch',1,11),(3617,5166,145,'applewatch',1,11),(3618,5167,145,'applewatch',1,11),(3619,5168,145,'applewatch',1,11),(3620,5169,145,'applewatch',1,11),(3621,5170,145,'applewatch',1,11),(3622,5171,145,'applewatch',1,11),(3623,5172,145,'applewatch',1,11),(3624,5173,145,'applewatch',1,11),(3625,5174,145,'applewatch',1,11),(3626,5175,145,'applewatch',1,11),(3627,5176,145,'applewatch',1,11),(3628,5177,145,'applewatch',1,11),(3629,5178,145,'applewatch',1,11),(3630,5179,145,'applewatch',1,11),(3631,5180,145,'applewatch',1,11),(3632,5181,145,'applewatch',1,11),(3633,5182,145,'applewatch',1,11),(3634,5183,145,'applewatch',1,11),(3635,5184,145,'applewatch',1,11),(3636,5185,145,'applewatch',1,11),(3637,5186,145,'applewatch',1,11),(3638,5187,145,'applewatch',1,11),(3639,5188,145,'applewatch',1,11),(3640,5189,145,'applewatch',1,11),(3641,5190,145,'applewatch',1,11),(3642,5191,145,'applewatch',1,11),(3643,5192,145,'applewatch',1,11),(3644,5193,145,'applewatch',1,11),(3645,5194,145,'applewatch',1,11),(3646,5195,145,'applewatch',1,11),(3647,5196,145,'applewatch',1,11),(3648,5197,145,'applewatch',1,11),(3649,5198,145,'applewatch',1,11),(3650,5199,145,'applewatch',1,11),(3651,5200,145,'applewatch',1,11),(3652,5201,145,'applewatch',1,11),(3653,5202,145,'applewatch',1,11),(3654,5203,145,'applewatch',1,11),(3655,5204,145,'applewatch',1,11),(3656,5205,145,'applewatch',1,11),(3657,5206,145,'applewatch',1,11),(3658,5207,145,'applewatch',1,11),(3659,5208,145,'applewatch',1,11),(3660,5209,145,'applewatch',1,11),(3661,5210,145,'applewatch',1,11),(3662,5211,145,'applewatch',1,11),(3663,5212,145,'applewatch',1,11),(3664,5213,145,'applewatch',1,11),(3665,5214,145,'applewatch',1,11),(3666,5215,145,'applewatch',1,11),(3667,5216,145,'applewatch',1,11),(3668,5217,145,'applewatch',1,11),(3669,5218,145,'applewatch',1,11),(3670,5219,145,'applewatch',1,11),(3671,5220,145,'applewatch',1,11),(3672,5221,145,'applewatch',1,11),(3673,5222,145,'applewatch',1,11),(3674,5223,145,'applewatch',1,11),(3675,5224,145,'applewatch',1,11),(3676,5225,145,'applewatch',1,11),(3677,5226,145,'applewatch',1,11),(3678,5227,145,'applewatch',1,11),(3679,5228,145,'applewatch',1,11),(3680,5229,145,'applewatch',1,11),(3681,5230,145,'applewatch',1,11),(3682,5231,145,'applewatch',1,11),(3683,5232,145,'applewatch',1,11),(3684,5233,145,'applewatch',1,11),(3685,5234,145,'applewatch',1,11),(3686,5235,145,'applewatch',1,11),(3687,5236,145,'applewatch',1,11),(3688,5237,145,'applewatch',1,11),(3689,5238,145,'applewatch',1,11),(3690,5239,145,'applewatch',1,11),(3691,5240,145,'applewatch',1,11),(3692,5241,145,'applewatch',1,11),(3693,5242,145,'applewatch',1,11),(3694,5243,145,'applewatch',1,11),(3695,5244,145,'applewatch',1,11),(3696,5245,145,'applewatch',1,11),(3697,5246,145,'applewatch',1,11),(3698,5247,145,'applewatch',1,11),(3699,5248,145,'applewatch',1,11),(3700,5249,145,'applewatch',1,11),(3701,5250,145,'applewatch',1,11),(3702,5251,145,'applewatch',1,11),(3703,5252,145,'applewatch',1,11),(3704,5253,145,'applewatch',1,11),(3705,5254,145,'applewatch',1,11),(3706,5255,145,'applewatch',1,11),(3707,5256,145,'applewatch',1,11),(3708,5257,145,'applewatch',1,11),(3709,5258,145,'applewatch',1,11),(3710,5259,145,'applewatch',1,11),(3711,5260,145,'applewatch',1,11),(3712,5261,145,'applewatch',1,11),(3713,5262,145,'applewatch',1,11),(3714,5263,145,'applewatch',1,11),(3715,5264,145,'applewatch',1,11),(3716,5265,145,'applewatch',1,11),(3717,5266,145,'applewatch',1,11),(3718,5267,145,'applewatch',1,11),(3719,5268,145,'applewatch',1,11),(3720,5269,145,'applewatch',1,11),(3721,5270,145,'applewatch',1,11),(3722,5271,145,'applewatch',1,11),(3723,5272,145,'applewatch',1,11),(3724,5273,145,'applewatch',1,11),(3725,5274,145,'applewatch',1,11),(3726,5275,145,'applewatch',1,11),(3727,5276,145,'applewatch',1,11),(3728,5277,145,'applewatch',1,11),(3729,5278,145,'applewatch',1,11),(3730,5279,145,'applewatch',1,11),(3731,5280,145,'applewatch',1,11),(3732,5281,145,'applewatch',1,11),(3733,5282,145,'applewatch',1,11),(3734,5283,145,'applewatch',1,11),(3735,5284,145,'applewatch',1,11),(3736,5285,145,'applewatch',1,11),(3737,5286,145,'applewatch',1,11),(3738,5287,145,'applewatch',1,11),(3739,5288,145,'applewatch',1,11),(3740,5289,145,'applewatch',1,11),(3741,5290,145,'applewatch',1,11),(3742,5291,145,'applewatch',1,11),(3743,5292,145,'applewatch',1,11),(3744,5293,145,'applewatch',1,11),(3745,5294,145,'applewatch',1,11),(3746,5295,145,'applewatch',1,11),(3747,5296,145,'applewatch',1,11),(3748,5297,145,'applewatch',1,11),(3749,5298,145,'applewatch',1,11),(3750,5299,145,'applewatch',1,11),(3751,5300,145,'applewatch',1,11),(3752,5301,145,'applewatch',1,11),(3753,5302,145,'applewatch',1,11);
/*!40000 ALTER TABLE `metasort` ENABLE KEYS */;
UNLOCK TABLES;

--
-- Table structure for table `metatags`
--

DROP TABLE IF EXISTS `metatags`;
/*!40101 SET @saved_cs_client     = @@character_set_client */;
/*!40101 SET character_set_client = utf8 */;
CREATE TABLE `metatags` (
  `idmetatags` bigint(20) NOT NULL AUTO_INCREMENT,
  `grupo` bigint(20) DEFAULT NULL,
  `folksmax` bigint(20) DEFAULT NULL,
  `tags` varchar(250) DEFAULT NULL,
  PRIMARY KEY (`idmetatags`),
  KEY `fk_metatags_grupotag1_idx` (`grupo`)
) ENGINE=InnoDB AUTO_INCREMENT=1286 DEFAULT CHARSET=latin1 COLLATE=latin1_swedish_ci;
/*!40101 SET character_set_client = @saved_cs_client */;

--
-- Dumping data for table `metatags`
--

LOCK TABLES `metatags` WRITE;
/*!40000 ALTER TABLE `metatags` DISABLE KEYS */;
INSERT INTO `metatags` VALUES (1280,11,399,'iphone14'),(1281,2,396,'apple'),(1282,1,333,'iphone'),(1283,1,267,'ios'),(1284,1,157,'iphone12'),(1285,1,145,'applewatch');
/*!40000 ALTER TABLE `metatags` ENABLE KEYS */;
UNLOCK TABLES;

--
-- Table structure for table `metric`
--

DROP TABLE IF EXISTS `metric`;
/*!40101 SET @saved_cs_client     = @@character_set_client */;
/*!40101 SET character_set_client = utf8 */;
CREATE TABLE `metric` (
  `idmetrica` bigint(20) NOT NULL AUTO_INCREMENT,
  `metatag` bigint(20) DEFAULT NULL,
  `kma` double DEFAULT NULL,
  `kmb` double DEFAULT NULL,
  `nac` double DEFAULT NULL,
  `qt_compartilhada` bigint(20) DEFAULT NULL,
  `tagm` varchar(145) DEFAULT NULL,
  PRIMARY KEY (`idmetrica`),
  KEY `fk_metric_metatags_idx` (`metatag`),
  CONSTRAINT `fk_metric_metatags` FOREIGN KEY (`metatag`) REFERENCES `metatags` (`idmetatags`) ON DELETE NO ACTION ON UPDATE NO ACTION
) ENGINE=InnoDB AUTO_INCREMENT=607 DEFAULT CHARSET=latin1 COLLATE=latin1_swedish_ci;
/*!40101 SET character_set_client = @saved_cs_client */;

--
-- Dumping data for table `metric`
--

LOCK TABLES `metric` WRITE;
/*!40000 ALTER TABLE `metric` DISABLE KEYS */;
INSERT INTO `metric` VALUES (590,1280,0.2782607713846988,0.002506265664160401,0.2807670370488592,399,'iphone14'),(591,1281,0.2746053667272689,0.0012531328320802004,0.27585849955934905,396,'apple'),(592,1282,0.19433054878864578,0.0006265664160401002,0.1949571152046859,333,'iphone'),(593,1283,0.12577592137692256,-0.002506265664160401,0.12326965571276216,267,'ios'),(594,1280,0.2779107578357872,0.002506265664160401,0.2804170234999476,399,'iphone14'),(595,1280,1.111643031343149,0.002506265664160401,1.1141492970073092,399,'iphone14'),(596,1280,0.27721073073796404,0.002506265664160401,0.27971699640212444,399,'iphone14'),(597,1280,0.0000017632924378416663,0.002506265664160401,0.0025080289565982427,399,'iphone14'),(598,1280,0.2793108120314335,0.002506265664160401,0.2818170776955939,399,'iphone14'),(599,1284,0.12601014096980326,-0.002506265664160401,0.12350387530564286,157,'iphone12'),(600,1285,0.12601014096980326,-0.002506265664160401,0.12350387530564286,145,'applewatch'),(601,1281,0.27443167579322253,0.0012531328320802004,0.27568480862530276,396,'apple'),(602,1282,0.19425751964592178,0.0006265664160401002,0.1948840860619619,333,'iphone'),(603,1282,0.19425751964592178,0.0006265664160401002,0.1948840860619619,333,'iphone'),(604,1282,0.19425751964592178,0.0006265664160401002,0.1948840860619619,333,'iphone'),(605,1283,0.12601014096980326,-0.002506265664160401,0.12350387530564286,267,'ios'),(606,1283,0.12601014096980326,-0.002506265664160401,0.12350387530564286,267,'ios');
/*!40000 ALTER TABLE `metric` ENABLE KEYS */;
UNLOCK TABLES;

--
-- Table structure for table `post`
--

DROP TABLE IF EXISTS `post`;
/*!40101 SET @saved_cs_client     = @@character_set_client */;
/*!40101 SET character_set_client = utf8 */;
CREATE TABLE `post` (
  `idpost` bigint(20) NOT NULL AUTO_INCREMENT,
  `grupotitulo` varchar(245) DEFAULT NULL,
  `subtitulo` varchar(245) DEFAULT NULL,
  `tag1` longtext DEFAULT NULL,
  `tag2` longtext DEFAULT NULL,
  `tag3` longtext DEFAULT NULL,
  `tag4` longtext DEFAULT NULL,
  `foto` varchar(45) DEFAULT NULL,
  `usuario` bigint(20) DEFAULT NULL,
  PRIMARY KEY (`idpost`),
  KEY `fk_post_usuario_idx` (`usuario`),
  CONSTRAINT `fk_post_usuario` FOREIGN KEY (`usuario`) REFERENCES `usuario` (`idusuario`) ON DELETE NO ACTION ON UPDATE NO ACTION
) ENGINE=InnoDB AUTO_INCREMENT=76 DEFAULT CHARSET=utf8mb4 COLLATE=utf8mb4_general_ci;
/*!40101 SET character_set_client = @saved_cs_client */;

--
-- Dumping data for table `post`
--

LOCK TABLES `post` WRITE;
/*!40000 ALTER TABLE `post` DISABLE KEYS */;
INSERT INTO `post` VALUES (73,'Market Analysis - the study of cell phone sales','Which brands are most in demand and why?','<a href=\"\"><div class=\"chip\"><img id=\"imageoption4\" src=\"img/roba2.png\" alt=\"\"><b>smartphone</b></div></a>',NULL,NULL,NULL,'img/stevejobs.png',12),(74,'Market analysis - emotional dependence','Companies use marketing to overvalue the brand','<a href=\"\"><div class=\"chip\"><img id=\"imageoption2\" src=\"img/ad.png\" alt=\"\"><b>apple</b></div></a><a href=\"\"><div class=\"chip\"><img id=\"imageoption3\" src=\"img/in.png\" alt=\"\"><b>iphone</b></div></a>',NULL,NULL,NULL,'img/eu.jpg',1),(75,'Market analysis - top brands','Mobile devices as social status - https://www.youtube.com/watch?v=W6CBb3yX9Zs','<a href=\"\"><div class=\"chip\"><img id=\"imageoption1\" src=\"img/sa.png\" alt=\"\"><b>iphone14</b></div></a><a href=\"\"><div class=\"chip\"><img id=\"imageoption2\" src=\"img/ad.png\" alt=\"\"><b>apple</b></div></a><a href=\"\"><div class=\"chip\"><img id=\"imageoption4\" src=\"img/roba2.png\" alt=\"\"><b>ios</b></div></a>',NULL,NULL,NULL,'img/nup.jpg',2);
/*!40000 ALTER TABLE `post` ENABLE KEYS */;
UNLOCK TABLES;

--
-- Table structure for table `usuario`
--

DROP TABLE IF EXISTS `usuario`;
/*!40101 SET @saved_cs_client     = @@character_set_client */;
/*!40101 SET character_set_client = utf8 */;
CREATE TABLE `usuario` (
  `idusuario` bigint(20) NOT NULL AUTO_INCREMENT,
  `login` varchar(145) DEFAULT NULL,
  `senha` varchar(45) DEFAULT NULL,
  `nome` varchar(45) DEFAULT NULL,
  `nivel_user` int(11) DEFAULT NULL,
  `foto` varchar(245) DEFAULT NULL,
  PRIMARY KEY (`idusuario`)
) ENGINE=InnoDB AUTO_INCREMENT=16 DEFAULT CHARSET=latin1 COLLATE=latin1_swedish_ci;
/*!40101 SET character_set_client = @saved_cs_client */;

--
-- Dumping data for table `usuario`
--

LOCK TABLES `usuario` WRITE;
/*!40000 ALTER TABLE `usuario` DISABLE KEYS */;
INSERT INTO `usuario` VALUES (1,'root','123','bruno',1,'img/eu.jpg'),(2,'pig','123','bruno2',1,'img/nup.jpg'),(3,'ringo','123','bruno3',1,NULL),(4,'puma','123','bruno4',1,NULL),(5,'malhada','123','bruno5',1,NULL),(6,'nina','123','bruno6',1,NULL),(7,'linguagem','12345','SQL',0,NULL),(8,'sql','12345','Minha Sql',0,NULL),(9,'sql2','12345','Minha Sql2',1,NULL),(10,'SQL 4','123','SQL teste 4',1,NULL),(11,'ringo','1234','Ringo',0,NULL),(12,'jobs','123','Steve',0,'img/stevejobs.png'),(13,'pato','123','Donalds',0,'img/pato.jpg'),(14,'pig','123','pig',0,NULL),(15,'Pig15','12345','bruno15',0,'img/nup.jpg');
/*!40000 ALTER TABLE `usuario` ENABLE KEYS */;
UNLOCK TABLES;

--
-- Dumping events for database 'metalearn'
--

--
-- Dumping routines for database 'metalearn'
--
/*!40103 SET TIME_ZONE=@OLD_TIME_ZONE */;

/*!40101 SET SQL_MODE=@OLD_SQL_MODE */;
/*!40014 SET FOREIGN_KEY_CHECKS=@OLD_FOREIGN_KEY_CHECKS */;
/*!40014 SET UNIQUE_CHECKS=@OLD_UNIQUE_CHECKS */;
/*!40101 SET CHARACTER_SET_CLIENT=@OLD_CHARACTER_SET_CLIENT */;
/*!40101 SET CHARACTER_SET_RESULTS=@OLD_CHARACTER_SET_RESULTS */;
/*!40101 SET COLLATION_CONNECTION=@OLD_COLLATION_CONNECTION */;
/*!40111 SET SQL_NOTES=@OLD_SQL_NOTES */;

-- Dump completed on 2023-07-20 23:11:51
